-- MySQL dump 10.13  Distrib 8.0.38, for Win64 (x86_64)
--
-- Host: 127.0.0.1    Database: tiendavirtual
-- ------------------------------------------------------
-- Server version	8.0.39

/*!40101 SET @OLD_CHARACTER_SET_CLIENT=@@CHARACTER_SET_CLIENT */;
/*!40101 SET @OLD_CHARACTER_SET_RESULTS=@@CHARACTER_SET_RESULTS */;
/*!40101 SET @OLD_COLLATION_CONNECTION=@@COLLATION_CONNECTION */;
/*!50503 SET NAMES utf8 */;
/*!40103 SET @OLD_TIME_ZONE=@@TIME_ZONE */;
/*!40103 SET TIME_ZONE='+00:00' */;
/*!40014 SET @OLD_UNIQUE_CHECKS=@@UNIQUE_CHECKS, UNIQUE_CHECKS=0 */;
/*!40014 SET @OLD_FOREIGN_KEY_CHECKS=@@FOREIGN_KEY_CHECKS, FOREIGN_KEY_CHECKS=0 */;
/*!40101 SET @OLD_SQL_MODE=@@SQL_MODE, SQL_MODE='NO_AUTO_VALUE_ON_ZERO' */;
/*!40111 SET @OLD_SQL_NOTES=@@SQL_NOTES, SQL_NOTES=0 */;

--
-- Table structure for table `categoria`
--

DROP TABLE IF EXISTS `categoria`;
/*!40101 SET @saved_cs_client     = @@character_set_client */;
/*!50503 SET character_set_client = utf8mb4 */;
CREATE TABLE `categoria` (
  `idCategoria` int NOT NULL AUTO_INCREMENT,
  `nombreCategoria` varchar(50) NOT NULL,
  `descripcion` varchar(150) DEFAULT NULL,
  PRIMARY KEY (`idCategoria`)
) ENGINE=InnoDB AUTO_INCREMENT=11 DEFAULT CHARSET=utf8mb4 COLLATE=utf8mb4_0900_ai_ci;
/*!40101 SET character_set_client = @saved_cs_client */;

--
-- Dumping data for table `categoria`
--

LOCK TABLES `categoria` WRITE;
/*!40000 ALTER TABLE `categoria` DISABLE KEYS */;
INSERT INTO `categoria` VALUES (1,'Teléfonos','Smartphones de diferentes marcas y modelos'),(2,'Computadores Portátiles','Laptops usados y reacondicionados'),(3,'Tablets','Dispositivos tipo tablet con diferentes sistemas operativos'),(4,'Accesorios','Cables, cargadores, fundas y periféricos'),(5,'Consolas','Consolas de videojuegos de segunda mano'),(6,'Componentes PC','Partes de computadoras: RAM, discos, tarjetas gráficas'),(7,'Audio','Audífonos, parlantes y equipos de sonido'),(8,'Monitores','Pantallas y monitores usados'),(9,'Cámaras','Cámaras digitales y accesorios fotográficos'),(10,'Relojes Inteligentes','Smartwatches de diferentes marcas');
/*!40000 ALTER TABLE `categoria` ENABLE KEYS */;
UNLOCK TABLES;

--
-- Table structure for table `cliente`
--

DROP TABLE IF EXISTS `cliente`;
/*!40101 SET @saved_cs_client     = @@character_set_client */;
/*!50503 SET character_set_client = utf8mb4 */;
CREATE TABLE `cliente` (
  `idCliente` int NOT NULL AUTO_INCREMENT,
  `nombre` varchar(50) NOT NULL,
  `apellido` varchar(50) NOT NULL,
  `email` varchar(100) NOT NULL,
  `telefono` varchar(15) DEFAULT NULL,
  `direccion` varchar(150) DEFAULT NULL,
  `fechaRegistro` datetime DEFAULT CURRENT_TIMESTAMP,
  PRIMARY KEY (`idCliente`),
  UNIQUE KEY `email` (`email`)
) ENGINE=InnoDB AUTO_INCREMENT=101 DEFAULT CHARSET=utf8mb4 COLLATE=utf8mb4_0900_ai_ci;
/*!40101 SET character_set_client = @saved_cs_client */;

--
-- Dumping data for table `cliente`
--

LOCK TABLES `cliente` WRITE;
/*!40000 ALTER TABLE `cliente` DISABLE KEYS */;
INSERT INTO `cliente` VALUES (1,'Verónica','Reyes','veronica.reyes1@email.com','3001110001','Calle 97 #9-33','2025-08-28 21:13:08'),(2,'Claudia','López','claudia.lopez2@email.com','3001110002','Carrera 3 #9-10','2025-08-28 21:13:08'),(3,'Daniela','Bermúdez','daniela.bermudez3@email.com','3001110003','Calle 71 #24-9','2025-08-28 21:13:08'),(4,'Carolina','Ramírez','carolina.ramirez4@email.com','3001110004','Carrera 15 #34-50','2025-08-28 21:13:08'),(5,'Adriana','Castro','adriana.castro5@email.com','3001110005','Calle 53 #29-41','2025-08-28 21:13:08'),(6,'Carlos','Ortiz','carlos.ortiz6@email.com','3001110006','Carrera 28 #28-29','2025-08-28 21:13:08'),(7,'Catalina','Hernández','catalina.hernandez7@email.com','3001110007','Calle 85 #21-12','2025-08-28 21:13:08'),(8,'Esteban','Guerrero','esteban.guerrero8@email.com','3001110008','Carrera 11 #49-8','2025-08-28 21:13:08'),(9,'Mónica','Acosta','monica.acosta9@email.com','3001110009','Calle 55 #9-28','2025-08-28 21:13:08'),(10,'Laura','Medina','laura.medina10@email.com','3001110010','Carrera 40 #16-32','2025-08-28 21:13:08'),(11,'Andrés','Jiménez','andres.jimenez11@email.com','3001110011','Calle 19 #22-45','2025-08-28 21:13:08'),(12,'Paula','Cárdenas','paula.cardenas12@email.com','3001110012','Carrera 7 #14-20','2025-08-28 21:13:08'),(13,'Felipe','González','felipe.gonzalez13@email.com','3001110013','Calle 100 #10-50','2025-08-28 21:13:08'),(14,'Sofía','Patiño','sofia.patino14@email.com','3001110014','Carrera 33 #8-21','2025-08-28 21:13:08'),(15,'Mariana','Suárez','mariana.suarez15@email.com','3001110015','Calle 60 #14-55','2025-08-28 21:13:08'),(16,'Diego','Morales','diego.morales16@email.com','3001110016','Carrera 25 #33-12','2025-08-28 21:13:08'),(17,'Valentina','Mendoza','valentina.mendoza17@email.com','3001110017','Calle 72 #17-60','2025-08-28 21:13:08'),(18,'Alejandro','Vega','alejandro.vega18@email.com','3001110018','Carrera 14 #22-19','2025-08-28 21:13:08'),(19,'Camila','Torres','camila.torres19@email.com','3001110019','Calle 45 #33-41','2025-08-28 21:13:08'),(20,'Julián','Navarro','julian.navarro20@email.com','3001110020','Carrera 22 #40-14','2025-08-28 21:13:08'),(21,'Nicolás','Ríos','nicolas.rios21@email.com','3001110021','Calle 88 #11-30','2025-08-28 21:13:08'),(22,'Isabella','Gómez','isabella.gomez22@email.com','3001110022','Carrera 19 #13-27','2025-08-28 21:13:08'),(23,'Juan','Martínez','juan.martinez23@email.com','3001110023','Calle 51 #28-12','2025-08-28 21:13:08'),(24,'Natalia','Figueroa','natalia.figueroa24@email.com','3001110024','Carrera 10 #3-18','2025-08-28 21:13:08'),(25,'Cristian','Salazar','cristian.salazar25@email.com','3001110025','Calle 78 #29-40','2025-08-28 21:13:08'),(26,'Andrea','Peña','andrea.pena26@email.com','3001110026','Carrera 16 #7-42','2025-08-28 21:13:08'),(27,'Fernando','Vargas','fernando.vargas27@email.com','3001110027','Calle 63 #19-15','2025-08-28 21:13:08'),(28,'Lorena','Ortiz','lorena.ortiz28@email.com','3001110028','Carrera 50 #15-20','2025-08-28 21:13:08'),(29,'Gabriel','Santos','gabriel.santos29@email.com','3001110029','Calle 22 #12-17','2025-08-28 21:13:08'),(30,'Tatiana','Prieto','tatiana.prieto30@email.com','3001110030','Carrera 44 #21-16','2025-08-28 21:13:08'),(31,'Jorge','Cruz','jorge.cruz31@email.com','3001110031','Calle 70 #18-35','2025-08-28 21:13:08'),(32,'Luisa','Ramírez','luisa.ramirez32@email.com','3001110032','Carrera 5 #41-18','2025-08-28 21:13:08'),(33,'Mauricio','Castaño','mauricio.castano33@email.com','3001110033','Calle 80 #20-11','2025-08-28 21:13:08'),(34,'Angela','Zapata','angela.zapata34@email.com','3001110034','Carrera 21 #9-14','2025-08-28 21:13:08'),(35,'Sebastián','Cuellar','sebastian.cuellar35@email.com','3001110035','Calle 36 #24-23','2025-08-28 21:13:08'),(36,'Patricia','Mejía','patricia.mejia36@email.com','3001110036','Carrera 12 #18-27','2025-08-28 21:13:08'),(37,'David','Ruiz','david.ruiz37@email.com','3001110037','Calle 93 #28-29','2025-08-28 21:13:08'),(38,'Marcela','Gutiérrez','marcela.gutierrez38@email.com','3001110038','Carrera 42 #20-19','2025-08-28 21:13:08'),(39,'Hernán','Mora','hernan.mora39@email.com','3001110039','Calle 14 #31-11','2025-08-28 21:13:08'),(40,'Sandra','Cano','sandra.cano40@email.com','3001110040','Carrera 23 #17-15','2025-08-28 21:13:08'),(41,'Oscar','Camacho','oscar.camacho41@email.com','3001110041','Calle 61 #14-42','2025-08-28 21:13:08'),(42,'Paola','Lozano','paola.lozano42@email.com','3001110042','Carrera 39 #13-28','2025-08-28 21:13:08'),(43,'Hugo','Cárdenas','hugo.cardenas43@email.com','3001110043','Calle 18 #26-13','2025-08-28 21:13:08'),(44,'Viviana','Parra','viviana.parra44@email.com','3001110044','Carrera 15 #37-21','2025-08-28 21:13:08'),(45,'Ricardo','Beltrán','ricardo.beltran45@email.com','3001110045','Calle 57 #10-25','2025-08-28 21:13:08'),(46,'Carla','Perdomo','carla.perdomo46@email.com','3001110046','Carrera 26 #30-11','2025-08-28 21:13:08'),(47,'Guillermo','Rosales','guillermo.rosales47@email.com','3001110047','Calle 66 #22-40','2025-08-28 21:13:08'),(48,'Melissa','Quintero','melissa.quintero48@email.com','3001110048','Carrera 8 #45-19','2025-08-28 21:13:08'),(49,'Iván','Peñaloza','ivan.penaloza49@email.com','3001110049','Calle 33 #27-16','2025-08-28 21:13:08'),(50,'Elena','Ardila','elena.ardila50@email.com','3001110050','Carrera 17 #8-33','2025-08-28 21:13:08'),(51,'Isabel','Méndez','isabel.mendez51@example.com','31012345651','Calle 51 #10-11','2025-08-28 21:13:08'),(52,'Mauricio','Castañeda','mauricio.castaneda52@example.com','31012345652','Carrera 52 #11-12','2025-08-28 21:13:08'),(53,'Rocío','López','rocio.lopez53@example.com','31012345653','Av. 53 #12-13','2025-08-28 21:13:08'),(54,'Camila','Ramírez','camila.ramirez54@example.com','31012345654','Calle 54 #13-14','2025-08-28 21:13:08'),(55,'Hernán','Moreno','hernan.moreno55@example.com','31012345655','Carrera 55 #14-15','2025-08-28 21:13:08'),(56,'Paola','García','paola.garcia56@example.com','31012345656','Av. 56 #15-16','2025-08-28 21:13:08'),(57,'Felipe','Gutiérrez','felipe.gutierrez57@example.com','31012345657','Calle 57 #16-17','2025-08-28 21:13:08'),(58,'Tatiana','Rojas','tatiana.rojas58@example.com','31012345658','Carrera 58 #17-18','2025-08-28 21:13:08'),(59,'Oscar','Vega','oscar.vega59@example.com','31012345659','Av. 59 #18-19','2025-08-28 21:13:08'),(60,'Patricia','Suárez','patricia.suarez60@example.com','31012345660','Calle 60 #19-20','2025-08-28 21:13:08'),(61,'Juliana','Martínez','juliana.martinez61@example.com','31012345661','Carrera 61 #20-21','2025-08-28 21:13:08'),(62,'Ramiro','Fernández','ramiro.fernandez62@example.com','31012345662','Av. 62 #21-22','2025-08-28 21:13:08'),(63,'Diana','Salazar','diana.salazar63@example.com','31012345663','Calle 63 #22-23','2025-08-28 21:13:08'),(64,'Cristian','Mora','cristian.mora64@example.com','31012345664','Carrera 64 #23-24','2025-08-28 21:13:08'),(65,'Marcela','Cárdenas','marcela.cardenas65@example.com','31012345665','Av. 65 #24-25','2025-08-28 21:13:08'),(66,'Andrés','Peña','andres.pena66@example.com','31012345666','Calle 66 #25-26','2025-08-28 21:13:08'),(67,'Alejandra','Gómez','alejandra.gomez67@example.com','31012345667','Carrera 67 #26-27','2025-08-28 21:13:08'),(68,'Jaime','Álvarez','jaime.alvarez68@example.com','31012345668','Av. 68 #27-28','2025-08-28 21:13:08'),(69,'Sandra','Nieto','sandra.nieto69@example.com','31012345669','Calle 69 #28-29','2025-08-28 21:13:08'),(70,'Pedro','Paredes','pedro.paredes70@example.com','31012345670','Carrera 70 #29-30','2025-08-28 21:13:08'),(71,'Valentina','Reyes','valentina.reyes71@example.com','31012345671','Av. 71 #30-31','2025-08-28 21:13:08'),(72,'Fernando','Maldonado','fernando.maldonado72@example.com','31012345672','Calle 72 #31-32','2025-08-28 21:13:08'),(73,'Natalia','Ibáñez','natalia.ibanez73@example.com','31012345673','Carrera 73 #32-33','2025-08-28 21:13:08'),(74,'Ricardo','Camacho','ricardo.camacho74@example.com','31012345674','Av. 74 #33-34','2025-08-28 21:13:08'),(75,'Lucía','Ortega','lucia.ortega75@example.com','31012345675','Calle 75 #34-35','2025-08-28 21:13:08'),(76,'Hugo','García','hugo.garcia76@example.com','31012345676','Carrera 76 #35-36','2025-08-28 21:13:08'),(77,'Carolina','Díaz','carolina.diaz77@example.com','31012345677','Av. 77 #36-37','2025-08-28 21:13:08'),(78,'Santiago','Cruz','santiago.cruz78@example.com','31012345678','Calle 78 #37-38','2025-08-28 21:13:08'),(79,'Gabriela','Jiménez','gabriela.jimenez79@example.com','31012345679','Carrera 79 #38-39','2025-08-28 21:13:08'),(80,'Esteban','Silva','esteban.silva80@example.com','31012345680','Av. 80 #39-40','2025-08-28 21:13:08'),(81,'Lorena','Vargas','lorena.vargas81@example.com','31012345681','Calle 81 #40-41','2025-08-28 21:13:08'),(82,'Álvaro','Rincón','alvaro.rincon82@example.com','31012345682','Carrera 82 #41-42','2025-08-28 21:13:08'),(83,'Marisol','Pérez','marisol.perez83@example.com','31012345683','Av. 83 #42-43','2025-08-28 21:13:08'),(84,'Jorge','Santos','jorge.santos84@example.com','31012345684','Calle 84 #43-44','2025-08-28 21:13:08'),(85,'Claudia','Ríos','claudia.rios85@example.com','31012345685','Carrera 85 #44-45','2025-08-28 21:13:08'),(86,'Iván','Méndez','ivan.mendez86@example.com','31012345686','Av. 86 #45-46','2025-08-28 21:13:08'),(87,'Mónica','Torres','monica.torres87@example.com','31012345687','Calle 87 #46-47','2025-08-28 21:13:08'),(88,'Diego','Castro','diego.castro88@example.com','31012345688','Carrera 88 #47-48','2025-08-28 21:13:08'),(89,'Luisa','Morales','luisa.morales89@example.com','31012345689','Av. 89 #48-49','2025-08-28 21:13:08'),(90,'Armando','Quintero','armando.quintero90@example.com','31012345690','Calle 90 #49-50','2025-08-28 21:13:08'),(91,'Daniela','Mejía','daniela.mejia91@example.com','31012345691','Carrera 91 #50-51','2025-08-28 21:13:08'),(92,'César','Beltrán','cesar.beltran92@example.com','31012345692','Av. 92 #51-52','2025-08-28 21:13:08'),(93,'Yolanda','Carrillo','yolanda.carrillo93@example.com','31012345693','Calle 93 #52-53','2025-08-28 21:13:08'),(94,'Efraín','Serrano','efrain.serrano94@example.com','31012345694','Carrera 94 #53-54','2025-08-28 21:13:08'),(95,'Melissa','Acosta','melissa.acosta95@example.com','31012345695','Av. 95 #54-55','2025-08-28 21:13:08'),(96,'Darío','Pérez','dario.perez96@example.com','31012345696','Calle 96 #55-56','2025-08-28 21:13:08'),(97,'Jimena','Martínez','jimena.martinez97@example.com','31012345697','Carrera 97 #56-57','2025-08-28 21:13:08'),(98,'Ángela','Ramírez','angela.ramirez98@example.com','31012345698','Av. 98 #57-58','2025-08-28 21:13:08'),(99,'Rubén','Guzmán','ruben.guzman99@example.com','31012345699','Calle 99 #58-59','2025-08-28 21:13:08'),(100,'Teresa','Herrera','teresa.herrera100@example.com','31012345700','Carrera 100 #59-60','2025-08-28 21:13:08');
/*!40000 ALTER TABLE `cliente` ENABLE KEYS */;
UNLOCK TABLES;

--
-- Table structure for table `detallepedido`
--

DROP TABLE IF EXISTS `detallepedido`;
/*!40101 SET @saved_cs_client     = @@character_set_client */;
/*!50503 SET character_set_client = utf8mb4 */;
CREATE TABLE `detallepedido` (
  `idDetalle` int NOT NULL AUTO_INCREMENT,
  `idPedido` int DEFAULT NULL,
  `idProducto` int DEFAULT NULL,
  `cantidad` int NOT NULL,
  `precioUnitario` decimal(10,0) NOT NULL,
  `nombreProducto` varchar(100) DEFAULT NULL,
  `idVendedor` int DEFAULT NULL,
  PRIMARY KEY (`idDetalle`),
  KEY `idPedido` (`idPedido`),
  KEY `idProducto` (`idProducto`),
  KEY `idVendedor` (`idVendedor`),
  CONSTRAINT `detallepedido_ibfk_1` FOREIGN KEY (`idPedido`) REFERENCES `pedido` (`idPedido`) ON DELETE CASCADE ON UPDATE CASCADE,
  CONSTRAINT `detallepedido_ibfk_2` FOREIGN KEY (`idProducto`) REFERENCES `producto` (`idProducto`) ON DELETE CASCADE ON UPDATE CASCADE,
  CONSTRAINT `detallepedido_ibfk_3` FOREIGN KEY (`idVendedor`) REFERENCES `vendedor` (`idVendedor`) ON DELETE SET NULL ON UPDATE CASCADE,
  CONSTRAINT `detallepedido_chk_1` CHECK ((`cantidad` > 0))
) ENGINE=InnoDB AUTO_INCREMENT=181 DEFAULT CHARSET=utf8mb4 COLLATE=utf8mb4_0900_ai_ci;
/*!40101 SET character_set_client = @saved_cs_client */;

--
-- Dumping data for table `detallepedido`
--

LOCK TABLES `detallepedido` WRITE;
/*!40000 ALTER TABLE `detallepedido` DISABLE KEYS */;
INSERT INTO `detallepedido` VALUES (121,1,5,1,1250000,'Laptop usada Dell Inspiron',2),(122,2,12,2,120000,'Mouse Logitech Inalámbrico',3),(123,3,40,3,640000,'Monitor LG 24\"',5),(124,4,22,1,302000,'Teclado Mecánico Redragon',4),(125,5,33,2,800000,'Tablet Samsung Galaxy Tab',6),(126,6,50,1,950000,'Impresora HP Multifuncional',6),(127,7,15,1,380000,'Smartwatch Amazfit Bip',8),(128,8,90,2,2100000,'iPhone 11 Usado',9),(129,9,23,5,86000,'Memoria USB Kingston 64GB',2),(130,10,61,1,1200000,'Consola Xbox One S',10),(131,11,72,2,1100000,'Cámara GoPro Hero 7',11),(132,12,18,3,150000,'Cargador Samsung Original',12),(133,13,80,4,1100000,'Monitor Dell 27\"',13),(134,14,25,2,340000,'Router TP-Link Archer C6',14),(135,15,31,1,1400000,'Proyector Epson XGA',15),(136,16,14,2,600000,'Tablet Huawei Mediapad',16),(137,17,65,1,410000,'Parlante JBL Flip 4',17),(138,18,99,3,1600000,'iPad Mini Usado',18),(139,19,47,2,300000,'Disco Duro Externo WD 1TB',19),(140,20,77,1,1700000,'Consola PS4 Slim',20),(141,21,54,3,430000,'Auriculares HyperX Cloud II',11),(142,22,29,2,190000,'Teclado Logitech K380',12),(143,23,81,3,2800000,'Laptop Lenovo ThinkPad',13),(144,24,19,1,390000,'SSD Kingston 480GB',14),(145,25,37,2,1200000,'Monitor Samsung Curvo 27\"',15),(146,26,62,3,2500000,'Cámara Canon EOS M50',16),(147,27,11,1,480000,'Tablet Amazon Fire HD',17),(148,28,44,2,2200000,'Laptop Asus VivoBook',18),(149,29,9,3,250000,'Mouse Razer DeathAdder',19),(150,30,66,1,1700000,'Impresora Epson EcoTank',10),(151,31,101,2,310000,'Auriculares Sony WH-CH510',1),(152,32,112,1,450000,'Parlante Bluetooth Bose Soundlink',2),(153,33,140,2,3100000,'Laptop HP Pavilion 15\"',3),(154,34,122,1,220000,'Smartwatch Xiaomi Mi Band 7',4),(155,35,133,2,420000,'Router Asus RT-AC1200',5),(156,36,150,1,1800000,'Monitor Gaming MSI 27\"',6),(157,37,115,1,350000,'Cámara Web Logitech C920',7),(158,38,190,3,250000,'Memoria RAM Corsair 8GB',8),(159,39,123,5,120000,'Disco Duro Seagate 500GB',9),(160,40,161,1,1900000,'Consola Nintendo Switch',10),(161,41,172,2,410000,'Auriculares Razer Kraken X',11),(162,42,118,3,120000,'Teclado Genius SlimStar',12),(163,43,180,2,4800000,'Laptop Asus ROG Strix',13),(164,44,125,2,480000,'SSD Samsung 500GB',14),(165,45,131,1,2200000,'Cámara Nikon D3500',15),(166,46,114,2,800000,'Tablet Lenovo M10',16),(167,47,165,1,300000,'Parlante JBL Clip 3',17),(168,48,199,3,3600000,'Laptop Dell XPS 13 Usada',18),(169,49,147,2,260000,'Disco SSD Crucial 240GB',19),(170,50,177,1,2900000,'Consola PS5 Edición Digital',20),(171,51,154,3,350000,'Auriculares SteelSeries Arctis 1',11),(172,52,129,2,220000,'Mouse Logitech G203',12),(173,53,181,3,2800000,'Laptop Lenovo IdeaPad',13),(174,54,119,1,950000,'Tarjeta Gráfica GTX 1050 Ti',14),(175,55,137,2,650000,'Monitor AOC 24\"',15),(176,56,162,2,2400000,'Cámara Sony Alpha A6000',16),(177,57,111,1,650000,'Tablet Amazon Fire HD 10',17),(178,58,144,2,1800000,'Laptop Acer Aspire 5',18),(179,59,109,3,300000,'Teclado Mecánico Corsair K55',19),(180,60,166,1,1600000,'Impresora Canon PIXMA',10);
/*!40000 ALTER TABLE `detallepedido` ENABLE KEYS */;
UNLOCK TABLES;

--
-- Table structure for table `devolucion`
--

DROP TABLE IF EXISTS `devolucion`;
/*!40101 SET @saved_cs_client     = @@character_set_client */;
/*!50503 SET character_set_client = utf8mb4 */;
CREATE TABLE `devolucion` (
  `idDevolucion` int NOT NULL AUTO_INCREMENT,
  `idDetalle` int NOT NULL,
  `motivo` varchar(200) NOT NULL,
  `monto` decimal(10,0) NOT NULL,
  `fechaDevolucion` datetime DEFAULT CURRENT_TIMESTAMP,
  `estado` enum('Pendiente','Aprobada','Rechazada','Reembolsada') DEFAULT 'Pendiente',
  PRIMARY KEY (`idDevolucion`),
  KEY `idDetalle` (`idDetalle`),
  CONSTRAINT `devolucion_ibfk_1` FOREIGN KEY (`idDetalle`) REFERENCES `detallepedido` (`idDetalle`) ON DELETE CASCADE ON UPDATE CASCADE
) ENGINE=InnoDB AUTO_INCREMENT=61 DEFAULT CHARSET=utf8mb4 COLLATE=utf8mb4_0900_ai_ci;
/*!40101 SET character_set_client = @saved_cs_client */;

--
-- Dumping data for table `devolucion`
--

LOCK TABLES `devolucion` WRITE;
/*!40000 ALTER TABLE `devolucion` DISABLE KEYS */;
INSERT INTO `devolucion` VALUES (31,123,'Producto defectuoso',120000,'2025-09-03 01:11:15','Aprobada'),(32,125,'No era el color solicitado',80000,'2025-09-03 01:11:15','Rechazada'),(33,127,'Falla en el funcionamiento',200000,'2025-09-03 01:11:15','Aprobada'),(34,129,'Empaque dañado',50000,'2025-09-03 01:11:15','Pendiente'),(35,122,'Retraso en la entrega',135000,'2025-09-03 01:11:15','Pendiente'),(36,124,'Error en el producto recibido',220000,'2025-09-03 01:11:15','Aprobada'),(37,126,'Producto duplicado en pedido',75000,'2025-09-03 01:11:15','Reembolsada'),(38,128,'Cliente no lo necesitaba',160000,'2025-09-03 01:11:15','Pendiente'),(39,121,'No correspondía a la descripción',90000,'2025-09-03 01:11:15','Aprobada'),(40,130,'Error en talla o tamaño',205000,'2025-09-03 01:11:15','Rechazada'),(41,131,'Producto defectuoso',300000,'2025-09-03 01:11:15','Aprobada'),(42,132,'Falla en garantía',140000,'2025-09-03 01:11:15','Aprobada'),(43,133,'No era compatible con su equipo',460000,'2025-09-03 01:11:15','Pendiente'),(44,134,'Cliente se arrepintió',150000,'2025-09-03 01:11:15','Rechazada'),(45,135,'Error en referencia del producto',95000,'2025-09-03 01:11:15','Pendiente'),(46,136,'Producto llegó incompleto',500000,'2025-09-03 01:11:15','Aprobada'),(47,137,'Falla en la pantalla',450000,'2025-09-03 01:11:15','Pendiente'),(48,138,'No correspondía al modelo pedido',410000,'2025-09-03 01:11:15','Aprobada'),(49,139,'Error en envío (otro producto)',135000,'2025-09-03 01:11:15','Aprobada'),(50,140,'Defecto de fábrica',220000,'2025-09-03 01:11:15','Aprobada'),(51,141,'Producto con rayones',520000,'2025-09-03 01:11:15','Rechazada'),(52,142,'Laptop no encendía',735000,'2025-09-03 01:11:15','Aprobada'),(53,143,'Consola no funcionaba',560000,'2025-09-03 01:11:15','Reembolsada'),(54,144,'Mouse con fallas',140000,'2025-09-03 01:11:15','Aprobada'),(55,145,'Tarjeta gráfica defectuosa',205000,'2025-09-03 01:11:15','Pendiente'),(56,146,'Cámara con píxeles muertos',620000,'2025-09-03 01:11:15','Aprobada'),(57,147,'Laptop con falla de batería',710000,'2025-09-03 01:11:15','Pendiente'),(58,148,'Teclado con teclas dañadas',245000,'2025-09-03 01:11:15','Aprobada'),(59,149,'Impresora no encendía',460000,'2025-09-03 01:11:15','Reembolsada'),(60,150,'Problema en la carga del equipo',165000,'2025-09-03 01:11:15','Pendiente');
/*!40000 ALTER TABLE `devolucion` ENABLE KEYS */;
UNLOCK TABLES;

--
-- Table structure for table `pedido`
--

DROP TABLE IF EXISTS `pedido`;
/*!40101 SET @saved_cs_client     = @@character_set_client */;
/*!50503 SET character_set_client = utf8mb4 */;
CREATE TABLE `pedido` (
  `idPedido` int NOT NULL AUTO_INCREMENT,
  `fechaPedido` datetime DEFAULT CURRENT_TIMESTAMP,
  `total` decimal(10,0) NOT NULL,
  `estado` enum('Pendiente','Pagado','Enviado','Entregado','Cancelado') DEFAULT 'Pendiente',
  `metodoPago` enum('Tarjeta','Efectivo','Transferencia') DEFAULT 'Efectivo',
  `direccionEntrega` varchar(150) DEFAULT NULL,
  `idCliente` int DEFAULT NULL,
  PRIMARY KEY (`idPedido`),
  KEY `idCliente` (`idCliente`),
  CONSTRAINT `pedido_ibfk_1` FOREIGN KEY (`idCliente`) REFERENCES `cliente` (`idCliente`) ON DELETE SET NULL ON UPDATE CASCADE
) ENGINE=InnoDB AUTO_INCREMENT=61 DEFAULT CHARSET=utf8mb4 COLLATE=utf8mb4_0900_ai_ci;
/*!40101 SET character_set_client = @saved_cs_client */;

--
-- Dumping data for table `pedido`
--

LOCK TABLES `pedido` WRITE;
/*!40000 ALTER TABLE `pedido` DISABLE KEYS */;
INSERT INTO `pedido` VALUES (1,'2025-09-03 00:56:15',250000,'Pagado','Tarjeta','Calle 10 #45-23',1),(2,'2025-09-03 00:56:15',120000,'Enviado','Efectivo','Carrera 7 #21-14',2),(3,'2025-09-03 00:56:15',480000,'Entregado','Transferencia','Av. Caracas #89-10',3),(4,'2025-09-03 00:56:15',75500,'Pendiente','Tarjeta','Calle 100 #15-40',4),(5,'2025-09-03 00:56:15',320000,'Pagado','Tarjeta','Carrera 15 #45-67',5),(6,'2025-09-03 00:56:15',540000,'Enviado','Transferencia','Calle 80 #30-12',6),(7,'2025-09-03 00:56:15',95000,'Entregado','Efectivo','Diagonal 60 #22-11',7),(8,'2025-09-03 00:56:15',670000,'Pagado','Tarjeta','Transversal 45 #9-20',8),(9,'2025-09-03 00:56:15',215000,'Entregado','Efectivo','Carrera 9 #70-10',9),(10,'2025-09-03 00:56:15',430000,'Cancelado','Transferencia','Calle 22 #15-30',10),(11,'2025-09-03 00:56:15',300000,'Pagado','Tarjeta','Calle 45 #12-50',11),(12,'2025-09-03 00:56:15',150000,'Enviado','Efectivo','Carrera 20 #40-18',12),(13,'2025-09-03 00:56:15',640000,'Entregado','Transferencia','Av. 19 #100-45',13),(14,'2025-09-03 00:56:15',210000,'Pendiente','Tarjeta','Calle 30 #14-60',14),(15,'2025-09-03 00:56:15',400000,'Pagado','Efectivo','Carrera 68 #50-22',15),(16,'2025-09-03 00:56:15',510000,'Enviado','Tarjeta','Calle 95 #45-19',16),(17,'2025-09-03 00:56:15',85000,'Entregado','Efectivo','Calle 70 #30-40',17),(18,'2025-09-03 00:56:15',720000,'Pagado','Tarjeta','Carrera 15 #90-11',18),(19,'2025-09-03 00:56:15',260000,'Entregado','Efectivo','Diagonal 40 #33-15',19),(20,'2025-09-03 00:56:15',550000,'Cancelado','Transferencia','Carrera 50 #70-12',20),(21,'2025-09-03 00:56:15',330000,'Pagado','Tarjeta','Calle 12 #10-20',21),(22,'2025-09-03 00:56:15',120000,'Enviado','Efectivo','Carrera 80 #40-17',22),(23,'2025-09-03 00:56:15',780000,'Entregado','Transferencia','Av. Boyacá #123-45',23),(24,'2025-09-03 00:56:15',195000,'Pendiente','Tarjeta','Calle 56 #22-34',24),(25,'2025-09-03 00:56:15',420000,'Pagado','Tarjeta','Carrera 32 #10-10',25),(26,'2025-09-03 00:56:15',600000,'Enviado','Transferencia','Calle 90 #20-50',26),(27,'2025-09-03 00:56:15',155000,'Entregado','Efectivo','Diagonal 72 #14-28',27),(28,'2025-09-03 00:56:15',690000,'Pagado','Tarjeta','Calle 22 #80-30',28),(29,'2025-09-03 00:56:15',240000,'Entregado','Efectivo','Carrera 60 #45-12',29),(30,'2025-09-03 00:56:15',470000,'Cancelado','Transferencia','Av. Suba #89-20',30),(31,'2025-09-03 00:56:15',280000,'Pagado','Tarjeta','Calle 45 #67-21',31),(32,'2025-09-03 00:56:15',150000,'Enviado','Efectivo','Carrera 11 #20-14',32),(33,'2025-09-03 00:56:15',610000,'Entregado','Transferencia','Av. 68 #30-45',33),(34,'2025-09-03 00:56:15',95000,'Pendiente','Tarjeta','Calle 120 #25-10',34),(35,'2025-09-03 00:56:15',340000,'Pagado','Tarjeta','Carrera 25 #45-12',35),(36,'2025-09-03 00:56:15',500000,'Enviado','Transferencia','Calle 80 #14-22',36),(37,'2025-09-03 00:56:15',110000,'Entregado','Efectivo','Diagonal 50 #20-11',37),(38,'2025-09-03 00:56:15',450000,'Pagado','Tarjeta','Transversal 60 #15-20',38),(39,'2025-09-03 00:56:15',235000,'Entregado','Efectivo','Carrera 18 #72-19',39),(40,'2025-09-03 00:56:15',410000,'Cancelado','Transferencia','Calle 30 #15-50',40),(41,'2025-09-03 00:56:15',290000,'Pagado','Tarjeta','Calle 60 #11-22',41),(42,'2025-09-03 00:56:15',135000,'Enviado','Efectivo','Carrera 45 #30-10',42),(43,'2025-09-03 00:56:15',670000,'Entregado','Transferencia','Av. 26 #100-12',43),(44,'2025-09-03 00:56:15',220000,'Pendiente','Tarjeta','Calle 40 #14-44',44),(45,'2025-09-03 00:56:15',405000,'Pagado','Efectivo','Carrera 70 #50-20',45),(46,'2025-09-03 00:56:15',520000,'Enviado','Tarjeta','Calle 95 #33-17',46),(47,'2025-09-03 00:56:15',75000,'Entregado','Efectivo','Calle 72 #25-40',47),(48,'2025-09-03 00:56:15',735000,'Pagado','Tarjeta','Carrera 12 #90-11',48),(49,'2025-09-03 00:56:15',265000,'Entregado','Efectivo','Diagonal 41 #31-15',49),(50,'2025-09-03 00:56:15',560000,'Cancelado','Transferencia','Carrera 55 #71-12',50),(51,'2025-09-03 00:56:15',310000,'Pagado','Tarjeta','Calle 22 #11-20',51),(52,'2025-09-03 00:56:15',140000,'Enviado','Efectivo','Carrera 81 #42-17',52),(53,'2025-09-03 00:56:15',795000,'Entregado','Transferencia','Av. Cali #123-55',53),(54,'2025-09-03 00:56:15',205000,'Pendiente','Tarjeta','Calle 59 #20-34',54),(55,'2025-09-03 00:56:15',425000,'Pagado','Tarjeta','Carrera 34 #11-11',55),(56,'2025-09-03 00:56:15',620000,'Enviado','Transferencia','Calle 91 #23-51',56),(57,'2025-09-03 00:56:15',165000,'Entregado','Efectivo','Diagonal 73 #19-28',57),(58,'2025-09-03 00:56:15',710000,'Pagado','Tarjeta','Calle 23 #85-31',58),(59,'2025-09-03 00:56:15',245000,'Entregado','Efectivo','Carrera 61 #47-13',59),(60,'2025-09-03 00:56:15',460000,'Cancelado','Transferencia','Av. Americas #90-21',60);
/*!40000 ALTER TABLE `pedido` ENABLE KEYS */;
UNLOCK TABLES;

--
-- Table structure for table `producto`
--

DROP TABLE IF EXISTS `producto`;
/*!40101 SET @saved_cs_client     = @@character_set_client */;
/*!50503 SET character_set_client = utf8mb4 */;
CREATE TABLE `producto` (
  `idProducto` int NOT NULL AUTO_INCREMENT,
  `nombre` varchar(100) NOT NULL,
  `descripcion` text,
  `precio` decimal(10,2) NOT NULL,
  `stock` int DEFAULT '1',
  `estado` enum('Usado','Reacondicionado','Nuevo') DEFAULT 'Usado',
  `fechaPublicacion` datetime DEFAULT CURRENT_TIMESTAMP,
  `idVendedor` int DEFAULT NULL,
  `idCategoria` int DEFAULT NULL,
  PRIMARY KEY (`idProducto`),
  KEY `idVendedor` (`idVendedor`),
  KEY `idCategoria` (`idCategoria`),
  CONSTRAINT `producto_ibfk_1` FOREIGN KEY (`idVendedor`) REFERENCES `vendedor` (`idVendedor`) ON DELETE SET NULL ON UPDATE CASCADE,
  CONSTRAINT `producto_ibfk_2` FOREIGN KEY (`idCategoria`) REFERENCES `categoria` (`idCategoria`) ON DELETE SET NULL ON UPDATE CASCADE
) ENGINE=InnoDB AUTO_INCREMENT=501 DEFAULT CHARSET=utf8mb4 COLLATE=utf8mb4_0900_ai_ci;
/*!40101 SET character_set_client = @saved_cs_client */;

--
-- Dumping data for table `producto`
--

LOCK TABLES `producto` WRITE;
/*!40000 ALTER TABLE `producto` DISABLE KEYS */;
INSERT INTO `producto` VALUES (1,'iPhone 11','Teléfono Apple iPhone 11 usado en buen estado',6000000.00,5,'Usado','2025-09-02 23:36:33',1,1),(2,'Samsung Galaxy S20','Smartphone Samsung Galaxy S20 reacondicionado',4800000.00,3,'Reacondicionado','2025-09-02 23:36:33',2,1),(3,'Huawei P30','Huawei P30 Pro nuevo, con garantía',3600000.00,10,'Nuevo','2025-09-02 23:36:33',3,1),(4,'Dell XPS 13','Laptop Dell XPS 13 reacondicionada',10000000.00,4,'Reacondicionado','2025-09-02 23:36:33',4,2),(5,'Lenovo ThinkPad X1','Computador portátil Lenovo ThinkPad',8800000.00,2,'Usado','2025-09-02 23:36:33',5,2),(6,'MacBook Air M1','Apple MacBook Air M1 nuevo, caja sellada',14000000.00,8,'Nuevo','2025-09-02 23:36:33',6,2),(7,'iPad 9a Gen','Apple iPad de novena generación',5600000.00,6,'Nuevo','2025-09-02 23:36:33',7,3),(8,'Samsung Galaxy Tab S6','Tablet Samsung en buen estado',4400000.00,2,'Usado','2025-09-02 23:36:33',8,3),(9,'Xiaomi Pad 5','Tablet Xiaomi con Android 12',3800000.00,9,'Nuevo','2025-09-02 23:36:33',9,3),(10,'Cargador USB-C','Cargador rápido de 25W',200000.00,20,'Nuevo','2025-09-02 23:36:33',10,4),(11,'Cable Lightning','Cable Apple original Lightning',360000.00,15,'Nuevo','2025-09-02 23:36:33',11,4),(12,'Funda iPhone 12','Funda protectora transparente',120000.00,12,'Nuevo','2025-09-02 23:36:33',12,4),(13,'PlayStation 4','Consola Sony PlayStation 4 usada',4800000.00,3,'Usado','2025-09-02 23:36:33',13,5),(14,'PlayStation 5','Consola PS5 nueva, caja sellada',11200000.00,5,'Nuevo','2025-09-02 23:36:33',14,5),(15,'Xbox One S','Consola Microsoft Xbox One S reacondicionada',3600000.00,2,'Reacondicionado','2025-09-02 23:36:33',15,5),(16,'Memoria RAM 8GB DDR4','Memoria RAM DDR4 Kingston 8GB',800000.00,10,'Nuevo','2025-09-02 23:36:33',16,6),(17,'SSD 512GB','Disco sólido 512GB NVMe M.2',1600000.00,12,'Nuevo','2025-09-02 23:36:33',17,6),(18,'Tarjeta Gráfica GTX 1660','NVIDIA GeForce GTX 1660 Super',4800000.00,4,'Usado','2025-09-02 23:36:33',18,6),(19,'Audífonos JBL','Auriculares JBL con Bluetooth',1200000.00,10,'Nuevo','2025-09-02 23:36:33',19,7),(20,'Auriculares Sony WH-1000XM4','Headphones Sony con cancelación de ruido',4400000.00,3,'Nuevo','2025-09-02 23:36:33',20,7),(21,'Parlante Bose','Bose SoundLink Mini II',3600000.00,2,'Usado','2025-09-02 23:36:33',1,7),(22,'Monitor LG 24\"','Monitor LG FullHD 24 pulgadas',2800000.00,5,'Nuevo','2025-09-02 23:36:33',2,8),(23,'Monitor Samsung Curvo 27\"','Pantalla curva 27 pulgadas',4400000.00,6,'Nuevo','2025-09-02 23:36:33',3,8),(24,'Monitor Dell UltraSharp','Monitor 4K Ultra HD 27 pulgadas',6000000.00,2,'Reacondicionado','2025-09-02 23:36:33',4,8),(25,'Cámara Canon EOS 2000D','Cámara réflex digital Canon',7200000.00,4,'Nuevo','2025-09-02 23:36:33',5,9),(26,'Cámara Sony Alpha 6000','Cámara sin espejo Sony',8800000.00,3,'Usado','2025-09-02 23:36:33',6,9),(27,'GoPro Hero 9','Cámara deportiva GoPro Hero 9',6000000.00,5,'Nuevo','2025-09-02 23:36:33',7,9),(28,'Apple Watch Series 6','Reloj inteligente Apple Watch',4400000.00,10,'Nuevo','2025-09-02 23:36:33',8,10),(29,'Samsung Galaxy Watch 4','Smartwatch Samsung Galaxy Watch',3800000.00,6,'Nuevo','2025-09-02 23:36:33',9,10),(30,'Xiaomi Mi Band 7','Smartband económica Xiaomi',800000.00,15,'Nuevo','2025-09-02 23:36:33',10,10),(31,'Laptop Dell Inspiron 15','Laptop con procesador Intel i5, 8GB RAM y 256GB SSD',2450000.00,10,'Nuevo','2025-09-02 23:36:33',1,1),(32,'Smartphone Samsung Galaxy A32','Teléfono inteligente con pantalla AMOLED y 128GB de almacenamiento',1150000.00,20,'Nuevo','2025-09-02 23:36:33',2,1),(33,'Teclado Mecánico Redragon','Teclado gamer con retroiluminación RGB',220000.00,15,'Nuevo','2025-09-02 23:36:33',3,2),(34,'Mouse Inalámbrico Logitech M185','Mouse inalámbrico compacto y ergonómico',65000.00,30,'Nuevo','2025-09-02 23:36:33',4,2),(35,'Monitor LG 24\"','Monitor LED Full HD de 24 pulgadas',480000.00,12,'Nuevo','2025-09-02 23:36:33',5,1),(36,'Impresora Epson EcoTank L3150','Impresora multifuncional con sistema de tanque de tinta',850000.00,8,'Nuevo','2025-09-02 23:36:33',6,3),(37,'Audífonos Sony WH-CH510','Auriculares inalámbricos Bluetooth con batería de larga duración',250000.00,18,'Nuevo','2025-09-02 23:36:33',7,4),(38,'Tablet Huawei MatePad T10','Tablet de 10.1 pulgadas con 64GB de almacenamiento',720000.00,14,'Nuevo','2025-09-02 23:36:33',8,1),(39,'Cámara Canon EOS 250D','Cámara réflex digital de 24.1MP con lente 18-55mm',2850000.00,5,'Nuevo','2025-09-02 23:36:33',9,5),(40,'Consola PlayStation 5','Consola de videojuegos de última generación con 825GB SSD',3800000.00,6,'Nuevo','2025-09-02 23:36:33',10,6),(41,'Xbox Series S','Consola de videojuegos digital con SSD de 512GB',2200000.00,9,'Nuevo','2025-09-02 23:36:33',11,6),(42,'Nintendo Switch OLED','Consola híbrida con pantalla OLED de 7 pulgadas',1700000.00,7,'Nuevo','2025-09-02 23:36:33',12,6),(43,'Silla Gamer Cougar Armor One','Silla ergonómica para juegos con soporte lumbar',950000.00,4,'Nuevo','2025-09-02 23:36:33',13,7),(44,'Escritorio Gamer XT','Escritorio con soporte para monitores y accesorios gamer',520000.00,5,'Nuevo','2025-09-02 23:36:33',14,7),(45,'Cafetera Oster Automática','Cafetera programable de 12 tazas',280000.00,11,'Nuevo','2025-09-02 23:36:33',15,8),(46,'Batidora Philips Daily Collection','Batidora manual de 300W con varillas de acero inoxidable',140000.00,10,'Nuevo','2025-09-02 23:36:33',16,8),(47,'Refrigerador Mabe No Frost 320L','Nevera de dos puertas con dispensador de agua',2100000.00,3,'Nuevo','2025-09-02 23:36:33',17,9),(48,'Lavadora Samsung 19Kg','Lavadora automática de carga superior con tecnología Digital Inverter',1850000.00,4,'Nuevo','2025-09-02 23:36:33',18,9),(49,'Microondas LG 1.5 Pies','Microondas con función grill y descongelado rápido',420000.00,8,'Nuevo','2025-09-02 23:36:33',19,9),(50,'Aspiradora Electrolux 1800W','Aspiradora con filtro HEPA y gran capacidad de succión',370000.00,6,'Nuevo','2025-09-02 23:36:33',20,9),(51,'Camiseta Adidas Original','Camiseta deportiva de algodón 100%',95000.00,25,'Nuevo','2025-09-02 23:36:33',1,10),(52,'Zapatos Nike Air Max','Zapatos deportivos con cámara de aire',380000.00,12,'Nuevo','2025-09-02 23:36:33',2,10),(53,'Chaqueta The North Face','Chaqueta impermeable con capucha desmontable',460000.00,8,'Nuevo','2025-09-02 23:36:33',3,10),(54,'Pantalón Levi’s 511','Pantalón jean slim fit para hombre',220000.00,14,'Nuevo','2025-09-02 23:36:33',4,10),(55,'Gafas Ray-Ban Aviator','Gafas de sol con protección UV400',420000.00,10,'Nuevo','2025-09-02 23:36:33',5,10),(56,'Reloj Casio G-Shock','Reloj deportivo resistente al agua y a los golpes',330000.00,16,'Nuevo','2025-09-02 23:36:33',6,10),(57,'Bolso Michael Kors','Bolso de cuero sintético con compartimentos internos',520000.00,5,'Nuevo','2025-09-02 23:36:33',7,10),(58,'Cinturón Tommy Hilfiger','Cinturón de cuero genuino para hombre',180000.00,9,'Nuevo','2025-09-02 23:36:33',8,10),(59,'Sombrero Panamá Original','Sombrero artesanal de paja toquilla',250000.00,7,'Nuevo','2025-09-02 23:36:33',9,10),(60,'Guantes de Cuero','Guantes de cuero para moto o vestir',150000.00,6,'Nuevo','2025-09-02 23:36:33',10,10),(61,'Drone DJI Mini 2','Drone con cámara 4K y estabilización avanzada',1800000.00,3,'Nuevo','2025-09-02 23:36:33',11,5),(62,'Smartwatch Apple Watch SE','Reloj inteligente con monitoreo de actividad y llamadas',1450000.00,10,'Nuevo','2025-09-02 23:36:33',12,4),(63,'Kindle Paperwhite','Lector de libros electrónicos con luz ajustable',680000.00,15,'Nuevo','2025-09-02 23:36:33',13,4),(64,'GoPro HERO 9','Cámara de acción resistente al agua con video 5K',1650000.00,8,'Nuevo','2025-09-02 23:36:33',14,5),(65,'Router TP-Link Archer AX50','Router WiFi 6 de doble banda con MU-MIMO',520000.00,20,'Nuevo','2025-09-02 23:36:33',15,1),(66,'Disco Duro Externo Seagate 2TB','Almacenamiento portátil con conexión USB 3.0',360000.00,18,'Nuevo','2025-09-02 23:36:33',16,1),(67,'Memoria USB Kingston 64GB','Memoria flash con carcasa metálica',45000.00,40,'Nuevo','2025-09-02 23:36:33',17,1),(68,'Tarjeta Gráfica NVIDIA RTX 3060','GPU de alto rendimiento con 12GB GDDR6',2200000.00,5,'Nuevo','2025-09-02 23:36:33',18,1),(69,'Procesador AMD Ryzen 5 5600X','Procesador de 6 núcleos y 12 hilos para gaming',1350000.00,6,'Nuevo','2025-09-02 23:36:33',19,1),(70,'Placa Madre ASUS TUF B550M','Motherboard compatible con Ryzen de última generación',850000.00,7,'Nuevo','2025-09-02 23:36:33',20,1),(71,'Parlante JBL Flip 5','Parlante Bluetooth portátil resistente al agua',420000.00,12,'Nuevo','2025-09-02 23:36:33',1,4),(72,'Cámara IP Xiaomi Mi Home','Cámara de seguridad WiFi con visión nocturna',190000.00,10,'Nuevo','2025-09-02 23:36:33',2,5),(73,'Colchón Emma Original','Colchón ergonómico con espuma viscoelástica',1250000.00,5,'Nuevo','2025-09-02 23:36:33',3,9),(74,'Bicicleta GW Lynx','Bicicleta de montaña con 21 velocidades',980000.00,7,'Nuevo','2025-09-02 23:36:33',4,7),(75,'Patineta Eléctrica Xiaomi Mi Pro 2','Scooter eléctrico con autonomía de 45km',1950000.00,4,'Nuevo','2025-09-02 23:36:33',5,7),(76,'Carpa Coleman Montana 8','Carpa para 8 personas resistente al agua',750000.00,3,'Nuevo','2025-09-02 23:36:33',6,7),(77,'Colchón Inflable Intex','Colchón inflable con bomba eléctrica incluida',250000.00,10,'Nuevo','2025-09-02 23:36:33',7,9),(78,'Juego de Ollas Tefal 10pzs','Juego de ollas antiadherentes con tapas de vidrio',430000.00,6,'Nuevo','2025-09-02 23:36:33',8,8),(79,'Horno Eléctrico Oster 60L','Horno eléctrico multifuncional con temporizador',620000.00,5,'Nuevo','2025-09-02 23:36:33',9,8),(80,'Cámara Nikon D3500','Cámara réflex digital de 24.2MP',2800000.00,4,'Nuevo','2025-09-02 23:36:33',10,5),(81,'Reloj Deportivo Garmin','Reloj inteligente con GPS y monitor de frecuencia cardiaca.',950000.00,12,'Nuevo','2025-09-02 23:36:33',1,3),(82,'Cámara Sony Alpha','Cámara mirrorless de alta calidad para fotógrafos profesionales.',3200000.00,5,'Nuevo','2025-09-02 23:36:33',2,3),(83,'Audífonos Sony WH-1000XM4','Audífonos inalámbricos con cancelación de ruido.',1200000.00,18,'Nuevo','2025-09-02 23:36:33',3,3),(84,'Laptop Dell XPS 13','Portátil ultradelgado con procesador Intel i7.',4800000.00,7,'Nuevo','2025-09-02 23:36:33',4,3),(85,'Tablet Samsung Galaxy Tab','Tablet de 10 pulgadas con Android.',1300000.00,14,'Nuevo','2025-09-02 23:36:33',5,3),(86,'Mouse Logitech MX Master 3','Mouse inalámbrico de alta precisión.',400000.00,20,'Nuevo','2025-09-02 23:36:33',6,3),(87,'Teclado Mecánico HyperX','Teclado gamer mecánico retroiluminado.',350000.00,25,'Nuevo','2025-09-02 23:36:33',7,3),(88,'Monitor LG 27\"','Monitor 4K UHD con panel IPS.',1900000.00,10,'Nuevo','2025-09-02 23:36:33',8,3),(89,'Disco Duro Externo Seagate 2TB','Almacenamiento portátil de 2TB.',450000.00,30,'Nuevo','2025-09-02 23:36:33',9,3),(90,'Memoria RAM Corsair 16GB','DDR4 3200MHz de alto rendimiento.',600000.00,22,'Nuevo','2025-09-02 23:36:33',10,3),(91,'Silla Gamer Cougar','Silla ergonómica para largas sesiones de juego.',1200000.00,15,'Nuevo','2025-09-02 23:36:33',11,6),(92,'Escritorio Gamer RGB','Mesa con luces LED y soporte para monitores.',850000.00,10,'Nuevo','2025-09-02 23:36:33',12,6),(93,'Smartwatch Apple Watch SE','Reloj inteligente con GPS y notificaciones.',1400000.00,9,'Nuevo','2025-09-02 23:36:33',13,3),(94,'Cafetera Nespresso','Máquina de café con cápsulas.',900000.00,12,'Nuevo','2025-09-02 23:36:33',14,2),(95,'Horno Eléctrico Oster','Horno compacto de 20 litros.',650000.00,18,'Nuevo','2025-09-02 23:36:33',15,2),(96,'Batidora KitchenAid','Batidora de pie de gran potencia.',1700000.00,8,'Nuevo','2025-09-02 23:36:33',16,2),(97,'Aspiradora Xiaomi Robot','Aspiradora robot inteligente con mapeo.',1300000.00,10,'Nuevo','2025-09-02 23:36:33',17,2),(98,'Colchón Ortopédico Spring','Colchón de espuma de memoria tamaño doble.',1800000.00,6,'Nuevo','2025-09-02 23:36:33',18,7),(99,'Juego de Sábanas King Size','Sábanas de algodón egipcio.',400000.00,20,'Nuevo','2025-09-02 23:36:33',19,7),(100,'Lámpara de Escritorio LED','Lámpara con ajuste de brillo y temperatura.',150000.00,25,'Nuevo','2025-09-02 23:36:33',20,7),(101,'Laptop Lenovo ThinkPad X280','Portátil empresarial compacto.',2800000.00,8,'Usado','2025-09-02 23:36:33',1,2),(102,'Smartphone Xiaomi Redmi Note 12','Gama media con gran batería.',1200000.00,25,'Nuevo','2025-09-02 23:36:33',2,1),(103,'Cámara Canon EOS M50','Cámara mirrorless compacta.',2400000.00,10,'Usado','2025-09-02 23:36:33',3,9),(104,'Monitor Samsung 27\"','Pantalla LED Full HD.',1100000.00,12,'Nuevo','2025-09-02 23:36:33',4,8),(105,'Mouse Razer Basilisk','Mouse gamer ergonómico.',320000.00,15,'Nuevo','2025-09-02 23:36:33',5,4),(106,'Teclado Logitech K380','Teclado inalámbrico compacto.',180000.00,20,'Nuevo','2025-09-02 23:36:33',6,4),(107,'Disco SSD Crucial 960GB','Almacenamiento rápido y seguro.',490000.00,18,'Nuevo','2025-09-02 23:36:33',7,6),(108,'Auriculares JBL Endurance','Audífonos deportivos resistentes al agua.',220000.00,25,'Nuevo','2025-09-02 23:36:33',8,7),(109,'Parlante Bose Mini II','Altavoz portátil de alta calidad.',700000.00,10,'Usado','2025-09-02 23:36:33',9,7),(110,'Impresora Epson EcoTank','Impresora multifuncional con sistema de tinta continua.',890000.00,8,'Nuevo','2025-09-02 23:36:33',10,4),(111,'Tablet Samsung Galaxy Tab A7','Pantalla de 10 pulgadas.',950000.00,20,'Nuevo','2025-09-02 23:36:33',11,3),(112,'Laptop HP Omen','Portátil gamer de alto rendimiento.',5600000.00,6,'Nuevo','2025-09-02 23:36:33',12,2),(113,'Silla Gamer Corsair T1','Silla ergonómica para gaming.',1350000.00,15,'Nuevo','2025-09-02 23:36:33',13,4),(114,'Refrigerador Mabe No Frost','Nevera con dispensador de agua.',2400000.00,5,'Usado','2025-09-02 23:36:33',14,2),(115,'Microondas LG Grill','Microondas de 23 litros.',520000.00,18,'Nuevo','2025-09-02 23:36:33',15,2),(116,'Licuadora Ninja Pro','Licuadora de alto rendimiento.',480000.00,12,'Nuevo','2025-09-02 23:36:33',16,2),(117,'Cafetera Oster Automática','Cafetera programable.',350000.00,15,'Nuevo','2025-09-02 23:36:33',17,2),(118,'Aspiradora Dyson V8','Aspiradora inalámbrica.',1500000.00,7,'Usado','2025-09-02 23:36:33',18,2),(119,'Plancha Rowenta','Plancha de vapor con suela de acero inoxidable.',320000.00,18,'Nuevo','2025-09-02 23:36:33',19,2),(120,'Ventilador de Torre Kalley','Ventilador silencioso con oscilación.',220000.00,25,'Nuevo','2025-09-02 23:36:33',20,2),(121,'Smartwatch Amazfit Bip U','Reloj inteligente económico.',320000.00,20,'Nuevo','2025-09-02 23:36:33',1,10),(122,'iPhone XR','Smartphone Apple con FaceID.',1600000.00,12,'Usado','2025-09-02 23:36:33',2,1),(123,'iPad Air','Tablet ligera y potente.',2000000.00,8,'Usado','2025-09-02 23:36:33',3,3),(124,'MacBook Air M1','Portátil ultraligero de Apple.',4800000.00,5,'Nuevo','2025-09-02 23:36:33',4,2),(125,'Apple AirPods 2','Auriculares inalámbricos.',750000.00,20,'Nuevo','2025-09-02 23:36:33',5,7),(126,'Cámara GoPro Hero 9','Cámara de acción resistente al agua.',1800000.00,12,'Nuevo','2025-09-02 23:36:33',6,9),(127,'Laptop Dell Inspiron 15','Portátil para oficina.',1900000.00,20,'Nuevo','2025-09-02 23:36:33',7,2),(128,'Televisor Sony Bravia 50\"','Smart TV 4K UHD.',3200000.00,10,'Nuevo','2025-09-02 23:36:33',8,8),(129,'Router Linksys Dual Band','Router WiFi de doble banda.',420000.00,18,'Nuevo','2025-09-02 23:36:33',9,4),(130,'Consola Xbox Series X','Consola de última generación.',2700000.00,8,'Nuevo','2025-09-02 23:36:33',10,5),(131,'PlayStation 3 Slim','Consola clásica de Sony.',650000.00,12,'Usado','2025-09-02 23:36:33',11,5),(132,'Nintendo Switch Lite','Consola portátil.',1150000.00,15,'Nuevo','2025-09-02 23:36:33',12,5),(133,'Cámara Nikon D3500','Cámara réflex de iniciación.',1800000.00,9,'Usado','2025-09-02 23:36:33',13,9),(134,'Laptop Asus VivoBook','Portátil ligero y económico.',1600000.00,12,'Nuevo','2025-09-02 23:36:33',14,2),(135,'Smartphone OnePlus Nord','Teléfono de gama media-alta.',1700000.00,15,'Nuevo','2025-09-02 23:36:33',15,1),(136,'Drone DJI Phantom 4','Drone profesional con cámara 4K.',4500000.00,6,'Nuevo','2025-09-02 23:36:33',16,9),(137,'Bicicleta Eléctrica Trek','Bicicleta plegable eléctrica.',3100000.00,5,'Nuevo','2025-09-02 23:36:33',17,5),(138,'Patineta Xiaomi Pro 2','Scooter eléctrico.',1900000.00,8,'Nuevo','2025-09-02 23:36:33',18,5),(139,'Cámara de Seguridad Dahua','Cámara de vigilancia Full HD.',350000.00,20,'Nuevo','2025-09-02 23:36:33',19,9),(140,'Proyector BenQ Full HD','Proyector para oficina y hogar.',1300000.00,7,'Nuevo','2025-09-02 23:36:33',20,4),(141,'Smartwatch Garmin Forerunner','Reloj inteligente para deporte.',1200000.00,6,'Nuevo','2025-09-02 23:36:33',1,10),(142,'iPhone 11 Pro','Smartphone Apple con triple cámara.',2500000.00,8,'Usado','2025-09-02 23:36:33',2,1),(143,'iPad Pro 11\"','Tablet profesional de Apple.',3500000.00,5,'Nuevo','2025-09-02 23:36:33',3,3),(144,'MacBook Pro 16\"','Portátil Apple para creativos.',8000000.00,3,'Nuevo','2025-09-02 23:36:33',4,2),(145,'AirPods Max','Audífonos de diadema Apple.',2500000.00,10,'Nuevo','2025-09-02 23:36:33',5,7),(146,'Cámara GoPro Hero 8','Cámara de acción resistente.',1500000.00,10,'Usado','2025-09-02 23:36:33',6,9),(147,'Laptop Acer Nitro 5','Portátil gamer con Ryzen.',4200000.00,7,'Nuevo','2025-09-02 23:36:33',7,2),(148,'Televisor TCL 43\"','Smart TV económico.',1300000.00,15,'Nuevo','2025-09-02 23:36:33',8,8),(149,'Router Xiaomi AX1800','Router WiFi 6.',360000.00,12,'Nuevo','2025-09-02 23:36:33',9,4),(150,'Consola PlayStation 2','Consola clásica de Sony.',400000.00,10,'Usado','2025-09-02 23:36:33',10,5),(151,'PlayStation 5 Digital Edition','Consola sin lector de discos.',2800000.00,5,'Nuevo','2025-09-02 23:36:33',11,5),(152,'Nintendo Wii U','Consola híbrida.',750000.00,8,'Usado','2025-09-02 23:36:33',12,5),(153,'Cámara Nikon Z50','Cámara mirrorless.',3200000.00,6,'Nuevo','2025-09-02 23:36:33',13,9),(154,'Laptop MSI GF65','Portátil gamer económico.',3300000.00,8,'Nuevo','2025-09-02 23:36:33',14,2),(155,'Smartphone Poco X3 Pro','Teléfono gamer económico.',1200000.00,20,'Nuevo','2025-09-02 23:36:33',15,1),(156,'Drone DJI Mavic Mini','Drone portátil con cámara.',1500000.00,10,'Usado','2025-09-02 23:36:33',16,9),(157,'Bicicleta Eléctrica GW','Bici con batería extraíble.',2800000.00,5,'Nuevo','2025-09-02 23:36:33',17,5),(158,'Patineta Segway Ninebot','Scooter eléctrico compacto.',2200000.00,7,'Nuevo','2025-09-02 23:36:33',18,5),(159,'Cámara Hikvision Dome','Cámara de seguridad para interiores.',280000.00,15,'Nuevo','2025-09-02 23:36:33',19,9),(160,'Proyector LG CineBeam','Proyector portátil.',1900000.00,6,'Nuevo','2025-09-02 23:36:33',20,4),(161,'Smartwatch Fitbit Versa 3','Reloj inteligente deportivo.',950000.00,12,'Nuevo','2025-09-02 23:36:33',1,10),(162,'iPhone 13','Última generación Apple.',3800000.00,10,'Nuevo','2025-09-02 23:36:33',2,1),(163,'iPad Mini 6','Tablet ligera y moderna.',2200000.00,7,'Nuevo','2025-09-02 23:36:33',3,3),(164,'MacBook Pro M2','Portátil Apple última generación.',8500000.00,3,'Nuevo','2025-09-02 23:36:33',4,2),(165,'Beats Studio 3','Auriculares inalámbricos.',1400000.00,15,'Nuevo','2025-09-02 23:36:33',5,7),(166,'Cámara Sony Alpha 6400','Cámara mirrorless avanzada.',4500000.00,5,'Nuevo','2025-09-02 23:36:33',6,9),(167,'Laptop Asus ROG Strix','Portátil gamer premium.',7000000.00,4,'Nuevo','2025-09-02 23:36:33',7,2),(168,'Televisor Hisense 55\"','Smart TV 4K UHD.',2100000.00,12,'Nuevo','2025-09-02 23:36:33',8,8),(169,'Router Asus RT-AX56U','Router WiFi 6 de doble banda.',550000.00,9,'Nuevo','2025-09-02 23:36:33',9,4),(170,'Consola Xbox 360','Consola clásica de Microsoft.',450000.00,10,'Usado','2025-09-02 23:36:33',10,5),(171,'PlayStation Portable (PSP)','Consola portátil clásica.',380000.00,8,'Usado','2025-09-02 23:36:33',11,5),(172,'Nintendo Switch OLED','Consola híbrida con pantalla OLED.',2400000.00,6,'Nuevo','2025-09-02 23:36:33',12,5),(173,'Cámara Canon EOS R','Cámara mirrorless profesional.',9500000.00,2,'Nuevo','2025-09-02 23:36:33',13,9),(174,'Laptop HP EliteBook','Portátil empresarial seguro.',2800000.00,8,'Usado','2025-09-02 23:36:33',14,2),(175,'Smartphone Samsung Galaxy S22','Teléfono de gama alta.',3900000.00,12,'Nuevo','2025-09-02 23:36:33',15,1),(176,'Drone DJI Air 2S','Drone con cámara 5.4K.',5200000.00,4,'Nuevo','2025-09-02 23:36:33',16,9),(177,'Bicicleta Eléctrica Specialized','Bici de montaña eléctrica.',7500000.00,3,'Nuevo','2025-09-02 23:36:33',17,5),(178,'Patineta Razor','Scooter eléctrico económico.',950000.00,12,'Nuevo','2025-09-02 23:36:33',18,5),(179,'Cámara de Seguridad Xiaomi Mi Home','Cámara WiFi con visión nocturna.',260000.00,18,'Nuevo','2025-09-02 23:36:33',19,9),(180,'Proyector ViewSonic','Proyector Full HD portátil.',1100000.00,7,'Nuevo','2025-09-02 23:36:33',20,4),(181,'Laptop Lenovo ThinkPad X280','Portátil empresarial compacto.',2800000.00,8,'Usado','2025-09-02 23:36:33',1,2),(182,'Smartphone Xiaomi Redmi Note 12','Gama media con gran batería.',1200000.00,25,'Nuevo','2025-09-02 23:36:33',2,1),(183,'Cámara Canon EOS M50','Cámara mirrorless compacta.',2400000.00,10,'Usado','2025-09-02 23:36:33',3,9),(184,'Monitor Samsung 27\"','Pantalla LED Full HD.',1100000.00,12,'Nuevo','2025-09-02 23:36:33',4,8),(185,'Mouse Razer Basilisk','Mouse gamer ergonómico.',320000.00,15,'Nuevo','2025-09-02 23:36:33',5,4),(186,'Teclado Logitech K380','Teclado inalámbrico compacto.',180000.00,20,'Nuevo','2025-09-02 23:36:33',6,4),(187,'Disco SSD Crucial 960GB','Almacenamiento rápido y seguro.',490000.00,18,'Nuevo','2025-09-02 23:36:33',7,6),(188,'Auriculares JBL Endurance','Audífonos deportivos resistentes al agua.',220000.00,25,'Nuevo','2025-09-02 23:36:33',8,7),(189,'Parlante Bose Mini II','Altavoz portátil de alta calidad.',700000.00,10,'Usado','2025-09-02 23:36:33',9,7),(190,'Impresora Epson EcoTank','Impresora multifuncional con sistema de tinta continua.',890000.00,8,'Nuevo','2025-09-02 23:36:33',10,4),(191,'Tablet Samsung Galaxy Tab A7','Pantalla de 10 pulgadas.',950000.00,20,'Nuevo','2025-09-02 23:36:33',11,3),(192,'Laptop HP Omen','Portátil gamer de alto rendimiento.',5600000.00,6,'Nuevo','2025-09-02 23:36:33',12,2),(193,'Silla Gamer Corsair T1','Silla ergonómica para gaming.',1350000.00,15,'Nuevo','2025-09-02 23:36:33',13,4),(194,'Refrigerador Mabe No Frost','Nevera con dispensador de agua.',2400000.00,5,'Usado','2025-09-02 23:36:33',14,2),(195,'Microondas LG Grill','Microondas de 23 litros.',520000.00,18,'Nuevo','2025-09-02 23:36:33',15,2),(196,'Licuadora Ninja Pro','Licuadora de alto rendimiento.',480000.00,12,'Nuevo','2025-09-02 23:36:33',16,2),(197,'Cafetera Oster Automática','Cafetera programable.',350000.00,15,'Nuevo','2025-09-02 23:36:33',17,2),(198,'Aspiradora Dyson V8','Aspiradora inalámbrica.',1500000.00,7,'Usado','2025-09-02 23:36:33',18,2),(199,'Plancha Rowenta','Plancha de vapor con suela de acero inoxidable.',320000.00,18,'Nuevo','2025-09-02 23:36:33',19,2),(200,'Ventilador de Torre Kalley','Ventilador silencioso con oscilación.',220000.00,25,'Nuevo','2025-09-02 23:36:33',20,2),(201,'Smartwatch Amazfit Bip U','Reloj inteligente económico.',320000.00,20,'Nuevo','2025-09-02 23:36:33',1,10),(202,'iPhone XR','Smartphone Apple con FaceID.',1600000.00,12,'Usado','2025-09-02 23:36:33',2,1),(203,'iPad Air','Tablet ligera y potente.',2000000.00,8,'Usado','2025-09-02 23:36:33',3,3),(204,'MacBook Air M1','Portátil ultraligero de Apple.',4800000.00,5,'Nuevo','2025-09-02 23:36:33',4,2),(205,'Apple AirPods 2','Auriculares inalámbricos.',750000.00,20,'Nuevo','2025-09-02 23:36:33',5,7),(206,'Cámara GoPro Hero 9','Cámara de acción resistente al agua.',1800000.00,12,'Nuevo','2025-09-02 23:36:33',6,9),(207,'Laptop Dell Inspiron 15','Portátil para oficina.',1900000.00,20,'Nuevo','2025-09-02 23:36:33',7,2),(208,'Televisor Sony Bravia 50\"','Smart TV 4K UHD.',3200000.00,10,'Nuevo','2025-09-02 23:36:33',8,8),(209,'Router Linksys Dual Band','Router WiFi de doble banda.',420000.00,18,'Nuevo','2025-09-02 23:36:33',9,4),(210,'Consola Xbox Series X','Consola de última generación.',2700000.00,8,'Nuevo','2025-09-02 23:36:33',10,5),(211,'PlayStation 3 Slim','Consola clásica de Sony.',650000.00,12,'Usado','2025-09-02 23:36:33',11,5),(212,'Nintendo Switch Lite','Consola portátil.',1150000.00,15,'Nuevo','2025-09-02 23:36:33',12,5),(213,'Cámara Nikon D3500','Cámara réflex de iniciación.',1800000.00,9,'Usado','2025-09-02 23:36:33',13,9),(214,'Laptop Asus VivoBook','Portátil ligero y económico.',1600000.00,12,'Nuevo','2025-09-02 23:36:33',14,2),(215,'Smartphone OnePlus Nord','Teléfono de gama media-alta.',1700000.00,15,'Nuevo','2025-09-02 23:36:33',15,1),(216,'Drone DJI Phantom 4','Drone profesional con cámara 4K.',4500000.00,6,'Nuevo','2025-09-02 23:36:33',16,9),(217,'Bicicleta Eléctrica Trek','Bicicleta plegable eléctrica.',3100000.00,5,'Nuevo','2025-09-02 23:36:33',17,5),(218,'Patineta Xiaomi Pro 2','Scooter eléctrico.',1900000.00,8,'Nuevo','2025-09-02 23:36:33',18,5),(219,'Cámara de Seguridad Dahua','Cámara de vigilancia Full HD.',350000.00,20,'Nuevo','2025-09-02 23:36:33',19,9),(220,'Proyector BenQ Full HD','Proyector para oficina y hogar.',1300000.00,7,'Nuevo','2025-09-02 23:36:33',20,4),(221,'Smartwatch Garmin Forerunner','Reloj inteligente para deporte.',1200000.00,6,'Nuevo','2025-09-02 23:36:33',1,10),(222,'iPhone 11 Pro','Smartphone Apple con triple cámara.',2500000.00,8,'Usado','2025-09-02 23:36:33',2,1),(223,'iPad Pro 11\"','Tablet profesional de Apple.',3500000.00,5,'Nuevo','2025-09-02 23:36:33',3,3),(224,'MacBook Pro 16\"','Portátil Apple para creativos.',8000000.00,3,'Nuevo','2025-09-02 23:36:33',4,2),(225,'AirPods Max','Audífonos de diadema Apple.',2500000.00,10,'Nuevo','2025-09-02 23:36:33',5,7),(226,'Cámara GoPro Hero 8','Cámara de acción resistente.',1500000.00,10,'Usado','2025-09-02 23:36:33',6,9),(227,'Laptop Acer Nitro 5','Portátil gamer con Ryzen.',4200000.00,7,'Nuevo','2025-09-02 23:36:33',7,2),(228,'Televisor TCL 43\"','Smart TV económico.',1300000.00,15,'Nuevo','2025-09-02 23:36:33',8,8),(229,'Router Xiaomi AX1800','Router WiFi 6.',360000.00,12,'Nuevo','2025-09-02 23:36:33',9,4),(230,'Consola PlayStation 2','Consola clásica de Sony.',400000.00,10,'Usado','2025-09-02 23:36:33',10,5),(231,'PlayStation 5 Digital Edition','Consola sin lector de discos.',2800000.00,5,'Nuevo','2025-09-02 23:36:33',11,5),(232,'Nintendo Wii U','Consola híbrida.',750000.00,8,'Usado','2025-09-02 23:36:33',12,5),(233,'Cámara Nikon Z50','Cámara mirrorless.',3200000.00,6,'Nuevo','2025-09-02 23:36:33',13,9),(234,'Laptop MSI GF65','Portátil gamer económico.',3300000.00,8,'Nuevo','2025-09-02 23:36:33',14,2),(235,'Smartphone Poco X3 Pro','Teléfono gamer económico.',1200000.00,20,'Nuevo','2025-09-02 23:36:33',15,1),(236,'Drone DJI Mavic Mini','Drone portátil con cámara.',1500000.00,10,'Usado','2025-09-02 23:36:33',16,9),(237,'Bicicleta Eléctrica GW','Bici con batería extraíble.',2800000.00,5,'Nuevo','2025-09-02 23:36:33',17,5),(238,'Patineta Segway Ninebot','Scooter eléctrico compacto.',2200000.00,7,'Nuevo','2025-09-02 23:36:33',18,5),(239,'Cámara Hikvision Dome','Cámara de seguridad para interiores.',280000.00,15,'Nuevo','2025-09-02 23:36:33',19,9),(240,'Proyector LG CineBeam','Proyector portátil.',1900000.00,6,'Nuevo','2025-09-02 23:36:33',20,4),(241,'Smartwatch Fitbit Versa 3','Reloj inteligente deportivo.',950000.00,12,'Nuevo','2025-09-02 23:36:33',1,10),(242,'iPhone 13','Última generación Apple.',3800000.00,10,'Nuevo','2025-09-02 23:36:33',2,1),(243,'iPad Mini 6','Tablet ligera y moderna.',2200000.00,7,'Nuevo','2025-09-02 23:36:33',3,3),(244,'MacBook Pro M2','Portátil Apple última generación.',8500000.00,3,'Nuevo','2025-09-02 23:36:33',4,2),(245,'Beats Studio 3','Auriculares inalámbricos.',1400000.00,15,'Nuevo','2025-09-02 23:36:33',5,7),(246,'Cámara Sony Alpha 6400','Cámara mirrorless avanzada.',4500000.00,5,'Nuevo','2025-09-02 23:36:33',6,9),(247,'Laptop Asus ROG Strix','Portátil gamer premium.',7000000.00,4,'Nuevo','2025-09-02 23:36:33',7,2),(248,'Televisor Hisense 55\"','Smart TV 4K UHD.',2100000.00,12,'Nuevo','2025-09-02 23:36:33',8,8),(249,'Router Asus RT-AX56U','Router WiFi 6 de doble banda.',550000.00,9,'Nuevo','2025-09-02 23:36:33',9,4),(250,'Consola Xbox 360','Consola clásica de Microsoft.',450000.00,10,'Usado','2025-09-02 23:36:33',10,5),(251,'PlayStation Portable (PSP)','Consola portátil clásica.',380000.00,8,'Usado','2025-09-02 23:36:33',11,5),(252,'Nintendo Switch OLED','Consola híbrida con pantalla OLED.',2400000.00,6,'Nuevo','2025-09-02 23:36:33',12,5),(253,'Cámara Canon EOS R','Cámara mirrorless profesional.',9500000.00,2,'Nuevo','2025-09-02 23:36:33',13,9),(254,'Laptop HP EliteBook','Portátil empresarial seguro.',2800000.00,8,'Usado','2025-09-02 23:36:33',14,2),(255,'Smartphone Samsung Galaxy S22','Teléfono de gama alta.',3900000.00,12,'Nuevo','2025-09-02 23:36:33',15,1),(256,'Drone DJI Air 2S','Drone con cámara 5.4K.',5200000.00,4,'Nuevo','2025-09-02 23:36:33',16,9),(257,'Bicicleta Eléctrica Specialized','Bici de montaña eléctrica.',7500000.00,3,'Nuevo','2025-09-02 23:36:33',17,5),(258,'Patineta Razor','Scooter eléctrico económico.',950000.00,12,'Nuevo','2025-09-02 23:36:33',18,5),(259,'Cámara de Seguridad Xiaomi Mi Home','Cámara WiFi con visión nocturna.',260000.00,18,'Nuevo','2025-09-02 23:36:33',19,9),(260,'Proyector ViewSonic','Proyector Full HD portátil.',1100000.00,7,'Nuevo','2025-09-02 23:36:33',20,4),(261,'Tablet Samsung Galaxy Tab A7','Tablet de 10.4 pulgadas con buen rendimiento',850000.00,12,'Usado','2025-09-02 23:36:33',5,3),(262,'Tablet Lenovo Tab M10','Tablet de 10 pulgadas con Android',720000.00,7,'Reacondicionado','2025-09-02 23:36:33',14,3),(263,'Tablet Huawei MatePad','Tablet de 10.4 pulgadas con lápiz',930000.00,9,'Nuevo','2025-09-02 23:36:33',19,3),(264,'Tablet iPad 9','iPad de novena generación 64GB',1200000.00,5,'Usado','2025-09-02 23:36:33',8,3),(265,'Tablet iPad Air','iPad Air con pantalla de 10.9 pulgadas',1450000.00,6,'Usado','2025-09-02 23:36:33',11,3),(266,'Tablet Fire HD 10','Tablet de Amazon de 10 pulgadas',650000.00,8,'Nuevo','2025-09-02 23:36:33',2,3),(267,'Tablet Chuwi HiPad','Tablet económica de 10 pulgadas',580000.00,10,'Reacondicionado','2025-09-02 23:36:33',16,3),(268,'Tablet Xiaomi Pad 5','Tablet de alto rendimiento con Snapdragon',1350000.00,7,'Nuevo','2025-09-02 23:36:33',7,3),(269,'Tablet Alcatel 1T10','Tablet de 10 pulgadas económica',490000.00,11,'Usado','2025-09-02 23:36:33',13,3),(270,'Tablet Galaxy Tab S6 Lite','Tablet Samsung con S Pen',1150000.00,6,'Nuevo','2025-09-02 23:36:33',9,3),(271,'Monitor LG 24\"','Monitor Full HD de 24 pulgadas',680000.00,12,'Nuevo','2025-09-02 23:36:33',6,4),(272,'Monitor Samsung 27\"','Monitor curvo de 27 pulgadas',1250000.00,8,'Usado','2025-09-02 23:36:33',20,4),(273,'Monitor Dell 22\"','Monitor de 22 pulgadas económico',540000.00,9,'Reacondicionado','2025-09-02 23:36:33',1,4),(274,'Monitor Asus Gaming 27\"','Monitor gamer con 144Hz',1750000.00,7,'Nuevo','2025-09-02 23:36:33',18,4),(275,'Monitor Acer 24\"','Monitor IPS de 24 pulgadas',710000.00,10,'Usado','2025-09-02 23:36:33',3,4),(276,'Monitor AOC 21.5\"','Monitor económico Full HD',480000.00,11,'Nuevo','2025-09-02 23:36:33',15,4),(277,'Monitor HP 23.8\"','Monitor con panel IPS de 23.8\"',690000.00,12,'Usado','2025-09-02 23:36:33',10,4),(278,'Monitor ViewSonic 24\"','Monitor gamer con 75Hz',770000.00,9,'Reacondicionado','2025-09-02 23:36:33',4,4),(279,'Monitor BenQ 27\"','Monitor con HDR y 4K',1600000.00,5,'Nuevo','2025-09-02 23:36:33',12,4),(280,'Monitor Philips 24\"','Monitor con borde delgado',640000.00,8,'Usado','2025-09-02 23:36:33',17,4),(281,'Impresora HP DeskJet 2710','Impresora multifuncional inalámbrica',350000.00,11,'Nuevo','2025-09-02 23:36:33',5,5),(282,'Impresora Canon PIXMA G3110','Impresora de inyección con tanque de tinta',720000.00,7,'Reacondicionado','2025-09-02 23:36:33',8,5),(283,'Impresora Epson EcoTank L3150','Impresora inalámbrica con sistema de tanque',850000.00,6,'Nuevo','2025-09-02 23:36:33',19,5),(284,'Impresora Brother HL-1212W','Impresora láser monocromática',480000.00,10,'Usado','2025-09-02 23:36:33',14,5),(285,'Impresora HP LaserJet Pro M15w','Impresora láser compacta',520000.00,9,'Usado','2025-09-02 23:36:33',6,5),(286,'Impresora Canon PIXMA MG2510','Impresora multifuncional básica',300000.00,12,'Nuevo','2025-09-02 23:36:33',2,5),(287,'Impresora Epson L120','Impresora de inyección básica',410000.00,11,'Usado','2025-09-02 23:36:33',11,5),(288,'Impresora HP OfficeJet Pro 6970','Impresora empresarial multifuncional',680000.00,7,'Nuevo','2025-09-02 23:36:33',3,5),(289,'Impresora Samsung Xpress M2020','Impresora láser monocromo',490000.00,9,'Usado','2025-09-02 23:36:33',9,5),(290,'Impresora Brother DCP-T220','Impresora multifuncional con tanque',720000.00,8,'Nuevo','2025-09-02 23:36:33',13,5),(291,'Consola PlayStation 4','Consola PS4 Slim 1TB',1250000.00,7,'Usado','2025-09-02 23:36:33',1,6),(292,'Consola PlayStation 5','Consola PS5 edición estándar',2800000.00,5,'Nuevo','2025-09-02 23:36:33',7,6),(293,'Consola Xbox One S','Consola de Microsoft 1TB',1200000.00,6,'Reacondicionado','2025-09-02 23:36:33',15,6),(294,'Consola Xbox Series X','Consola de última generación',2900000.00,4,'Nuevo','2025-09-02 23:36:33',12,6),(295,'Consola Nintendo Switch','Consola híbrida con Joy-Con',1500000.00,9,'Nuevo','2025-09-02 23:36:33',8,6),(296,'Consola Nintendo Switch Lite','Versión portátil de Nintendo Switch',1200000.00,11,'Usado','2025-09-02 23:36:33',4,6),(297,'Consola PlayStation 3','Consola PS3 con disco de 500GB',750000.00,8,'Reacondicionado','2025-09-02 23:36:33',18,6),(298,'Consola Xbox 360','Consola clásica de Microsoft',650000.00,10,'Usado','2025-09-02 23:36:33',10,6),(299,'Consola Wii U','Consola de Nintendo con tableta',900000.00,7,'Usado','2025-09-02 23:36:33',16,6),(300,'Consola Wii','Consola Nintendo clásica',500000.00,8,'Reacondicionado','2025-09-02 23:36:33',20,6),(301,'Cámara Canon EOS Rebel T7','Cámara réflex con lente 18-55mm',1850000.00,6,'Nuevo','2025-09-02 23:36:33',2,7),(302,'Cámara Nikon D3500','Cámara réflex para principiantes',1700000.00,7,'Nuevo','2025-09-02 23:36:33',9,7),(303,'Cámara Sony Alpha a6000','Cámara mirrorless compacta',2100000.00,5,'Usado','2025-09-02 23:36:33',19,7),(304,'Cámara Panasonic Lumix G7','Cámara mirrorless 4K',1950000.00,6,'Reacondicionado','2025-09-02 23:36:33',6,7),(305,'Cámara Fujifilm X-T200','Cámara mirrorless con pantalla abatible',2200000.00,4,'Nuevo','2025-09-02 23:36:33',17,7),(306,'Cámara GoPro Hero 9','Cámara de acción 5K',1500000.00,8,'Usado','2025-09-02 23:36:33',3,7),(307,'Cámara GoPro Hero 8','Cámara de acción 4K',1300000.00,9,'Reacondicionado','2025-09-02 23:36:33',14,7),(308,'Cámara Canon EOS M50','Cámara mirrorless con lente EF-M',2000000.00,5,'Nuevo','2025-09-02 23:36:33',11,7),(309,'Cámara Nikon Z50','Cámara mirrorless APS-C',2400000.00,4,'Nuevo','2025-09-02 23:36:33',5,7),(310,'Cámara Sony ZV-1','Cámara compacta para creadores',1600000.00,7,'Usado','2025-09-02 23:36:33',8,7),(311,'Parlante JBL Flip 5','Parlante portátil resistente al agua',420000.00,12,'Nuevo','2025-09-02 23:36:33',1,8),(312,'Parlante JBL Charge 4','Parlante con batería de larga duración',520000.00,9,'Usado','2025-09-02 23:36:33',12,8),(313,'Parlante Bose SoundLink Mini','Parlante Bluetooth con gran calidad',780000.00,6,'Nuevo','2025-09-02 23:36:33',18,8),(314,'Parlante Sony XB23','Parlante portátil con graves extra',460000.00,10,'Reacondicionado','2025-09-02 23:36:33',9,8),(315,'Parlante Ultimate Ears Boom 3','Parlante resistente al agua',580000.00,8,'Nuevo','2025-09-02 23:36:33',6,8),(316,'Parlante Anker Soundcore','Parlante económico Bluetooth',250000.00,11,'Usado','2025-09-02 23:36:33',4,8),(317,'Parlante Marshall Emberton','Parlante con diseño clásico',890000.00,7,'Nuevo','2025-09-02 23:36:33',20,8),(318,'Parlante LG XBOOM Go','Parlante portátil con buena potencia',400000.00,9,'Reacondicionado','2025-09-02 23:36:33',13,8),(319,'Parlante Xiaomi Mi Portable','Parlante económico con Bluetooth 5.0',280000.00,12,'Usado','2025-09-02 23:36:33',16,8),(320,'Parlante Sony SRS-XB43','Parlante con luces LED',750000.00,8,'Nuevo','2025-09-02 23:36:33',10,8),(321,'Teclado Logitech K120','Teclado alámbrico económico',80000.00,14,'Nuevo','2025-09-02 23:36:33',7,9),(322,'Teclado Logitech G213','Teclado gamer retroiluminado',280000.00,9,'Nuevo','2025-09-02 23:36:33',2,9),(323,'Teclado Razer BlackWidow','Teclado mecánico gamer',480000.00,8,'Usado','2025-09-02 23:36:33',15,9),(324,'Teclado HyperX Alloy','Teclado mecánico compacto',350000.00,7,'Reacondicionado','2025-09-02 23:36:33',19,9),(325,'Teclado Redragon Kumara','Teclado mecánico económico',220000.00,12,'Nuevo','2025-09-02 23:36:33',8,9),(326,'Teclado Corsair K70','Teclado mecánico con RGB',500000.00,6,'Nuevo','2025-09-02 23:36:33',14,9),(327,'Teclado Microsoft 600','Teclado básico alámbrico',70000.00,13,'Usado','2025-09-02 23:36:33',11,9),(328,'Teclado HP K1500','Teclado económico alámbrico',60000.00,15,'Nuevo','2025-09-02 23:36:33',5,9),(329,'Teclado Dell KB216','Teclado alámbrico de oficina',75000.00,11,'Usado','2025-09-02 23:36:33',3,9),(330,'Teclado Apple Magic Keyboard','Teclado inalámbrico compacto',350000.00,8,'Nuevo','2025-09-02 23:36:33',20,9),(331,'Mouse Logitech M90','Mouse alámbrico óptico básico',35000.00,18,'Nuevo','2025-09-02 23:36:33',2,9),(332,'Mouse Logitech G502','Mouse gamer con pesos ajustables',280000.00,7,'Nuevo','2025-09-02 23:36:33',12,9),(333,'Mouse Razer DeathAdder','Mouse gamer ergonómico',220000.00,9,'Usado','2025-09-02 23:36:33',15,9),(334,'Mouse HyperX Pulsefire','Mouse gamer con sensor Pixart',180000.00,10,'Reacondicionado','2025-09-02 23:36:33',8,9),(335,'Mouse Redragon Cobra','Mouse gamer con iluminación RGB',120000.00,12,'Nuevo','2025-09-02 23:36:33',20,9),(336,'Mouse Corsair Harpoon','Mouse gamer inalámbrico',190000.00,8,'Nuevo','2025-09-02 23:36:33',6,9),(337,'Mouse Microsoft Basic','Mouse económico óptico',30000.00,16,'Usado','2025-09-02 23:36:33',5,9),(338,'Mouse HP X1000','Mouse alámbrico de oficina',40000.00,14,'Nuevo','2025-09-02 23:36:33',4,9),(339,'Mouse Dell MS116','Mouse USB óptico básico',45000.00,13,'Reacondicionado','2025-09-02 23:36:33',10,9),(340,'Mouse Apple Magic Mouse','Mouse inalámbrico multitáctil',320000.00,7,'Nuevo','2025-09-02 23:36:33',11,9),(341,'Laptop HP Pavilion 15','Portátil de 15 pulgadas con Intel i5',2100000.00,8,'Nuevo','2025-09-02 23:36:33',3,1),(342,'Laptop Acer Aspire 5','Portátil con AMD Ryzen 5',2000000.00,10,'Usado','2025-09-02 23:36:33',7,1),(343,'Laptop Dell Inspiron 14','Portátil compacto de 14 pulgadas',1950000.00,7,'Reacondicionado','2025-09-02 23:36:33',16,1),(344,'Laptop Lenovo ThinkPad E14','Portátil empresarial duradero',2300000.00,6,'Nuevo','2025-09-02 23:36:33',18,1),(345,'Laptop Asus VivoBook 15','Portátil con pantalla Full HD',2050000.00,9,'Nuevo','2025-09-02 23:36:33',9,1),(346,'Laptop MSI Modern 14','Portátil ultraliviano',2500000.00,5,'Usado','2025-09-02 23:36:33',20,1),(347,'Laptop Huawei MateBook D15','Portátil con Ryzen 7',2400000.00,8,'Reacondicionado','2025-09-02 23:36:33',2,1),(348,'Laptop Apple MacBook Air','MacBook Air M1 13\"',3800000.00,4,'Nuevo','2025-09-02 23:36:33',19,1),(349,'Laptop Samsung Galaxy Book','Portátil ligero de 15\"',2100000.00,6,'Usado','2025-09-02 23:36:33',6,1),(350,'Laptop Toshiba Dynabook','Laptop de gama media',1700000.00,9,'Nuevo','2025-09-02 23:36:33',14,1),(351,'Disco Duro Seagate 1TB','Disco duro portátil USB 3.0',280000.00,15,'Nuevo','2025-09-02 23:36:33',5,10),(352,'Disco Duro WD 2TB','Disco duro portátil My Passport',420000.00,12,'Usado','2025-09-02 23:36:33',13,10),(353,'Disco Duro Toshiba 500GB','Disco duro portátil económico',180000.00,14,'Reacondicionado','2025-09-02 23:36:33',1,10),(354,'Disco SSD Kingston 240GB','Unidad de estado sólido SATA',200000.00,16,'Nuevo','2025-09-02 23:36:33',8,10),(355,'Disco SSD Crucial 500GB','SSD de alto rendimiento',310000.00,13,'Nuevo','2025-09-02 23:36:33',12,10),(356,'Disco SSD Samsung 1TB','SSD NVMe de alta velocidad',600000.00,10,'Nuevo','2025-09-02 23:36:33',17,10),(357,'Disco HDD WD Blue 1TB','Disco duro interno para PC',220000.00,18,'Usado','2025-09-02 23:36:33',4,10),(358,'Disco HDD Seagate 2TB','Disco duro interno económico',340000.00,12,'Nuevo','2025-09-02 23:36:33',11,10),(359,'Disco SSD Adata 256GB','SSD económico SATA III',210000.00,14,'Reacondicionado','2025-09-02 23:36:33',16,10),(360,'Disco HDD Hitachi 500GB','Disco duro de segunda mano',150000.00,20,'Usado','2025-09-02 23:36:33',3,10),(361,'Smartwatch Xiaomi Mi Band 6','Pulsera inteligente con pantalla AMOLED',180000.00,20,'Nuevo','2025-09-02 23:36:33',2,8),(362,'Smartwatch Amazfit Bip U','Reloj inteligente económico',250000.00,14,'Usado','2025-09-02 23:36:33',7,8),(363,'Smartwatch Huawei GT 2e','Reloj deportivo con GPS',450000.00,12,'Nuevo','2025-09-02 23:36:33',15,8),(364,'Smartwatch Samsung Galaxy Watch 4','Reloj inteligente con Wear OS',900000.00,8,'Nuevo','2025-09-02 23:36:33',18,8),(365,'Smartwatch Apple Watch SE','Reloj inteligente de Apple',1200000.00,6,'Nuevo','2025-09-02 23:36:33',10,8),(366,'Smartwatch Fitbit Versa 3','Reloj inteligente con monitor cardíaco',850000.00,9,'Reacondicionado','2025-09-02 23:36:33',4,8),(367,'Smartwatch Realme Watch S','Reloj inteligente económico',300000.00,15,'Usado','2025-09-02 23:36:33',9,8),(368,'Smartwatch Honor Watch GS Pro','Reloj inteligente robusto',780000.00,8,'Nuevo','2025-09-02 23:36:33',14,8),(369,'Smartwatch Garmin Forerunner 45','Reloj deportivo GPS',700000.00,10,'Nuevo','2025-09-02 23:36:33',6,8),(370,'Smartwatch TicWatch Pro 3','Reloj inteligente con doble pantalla',1100000.00,5,'Nuevo','2025-09-02 23:36:33',19,8),(371,'Auriculares Sony WH-1000XM4','Auriculares inalámbricos con cancelación de ruido',1200000.00,6,'Nuevo','2025-09-02 23:36:33',12,8),(372,'Auriculares Bose QuietComfort 35 II','Auriculares con cancelación activa',1150000.00,7,'Nuevo','2025-09-02 23:36:33',20,8),(373,'Auriculares JBL Tune 500BT','Auriculares inalámbricos económicos',280000.00,11,'Usado','2025-09-02 23:36:33',11,8),(374,'Auriculares Apple AirPods Pro','Auriculares inalámbricos con ANC',1100000.00,8,'Nuevo','2025-09-02 23:36:33',1,8),(375,'Auriculares Samsung Galaxy Buds+','Auriculares inalámbricos',450000.00,12,'Reacondicionado','2025-09-02 23:36:33',7,8),(376,'Auriculares HyperX Cloud II','Auriculares gamer con micrófono',390000.00,10,'Nuevo','2025-09-02 23:36:33',16,8),(377,'Auriculares Razer Kraken','Auriculares gamer con sonido envolvente',350000.00,9,'Usado','2025-09-02 23:36:33',3,8),(378,'Auriculares Logitech G Pro X','Auriculares gamer profesionales',420000.00,7,'Nuevo','2025-09-02 23:36:33',13,8),(379,'Auriculares Sennheiser HD 450BT','Auriculares inalámbricos con buena batería',520000.00,8,'Nuevo','2025-09-02 23:36:33',2,8),(380,'Auriculares Skullcandy Crusher','Auriculares con graves potentes',380000.00,10,'Reacondicionado','2025-09-02 23:36:33',9,8),(381,'Router TP-Link Archer C6','Router Wi-Fi de doble banda',180000.00,15,'Nuevo','2025-09-02 23:36:33',10,10),(382,'Router Tenda AC10','Router económico con Wi-Fi AC1200',140000.00,14,'Nuevo','2025-09-02 23:36:33',17,10),(383,'Router Asus RT-AC68U','Router de alto rendimiento',550000.00,8,'Nuevo','2025-09-02 23:36:33',5,10),(384,'Router Netgear Nighthawk','Router gamer con Wi-Fi de alta velocidad',720000.00,6,'Nuevo','2025-09-02 23:36:33',6,10),(385,'Router Huawei AX3','Router con Wi-Fi 6',350000.00,12,'Reacondicionado','2025-09-02 23:36:33',8,10),(386,'Router Linksys EA6350','Router de doble banda',280000.00,10,'Nuevo','2025-09-02 23:36:33',4,10),(387,'Router D-Link DIR-842','Router económico de 4 antenas',200000.00,13,'Usado','2025-09-02 23:36:33',19,10),(388,'Router Xiaomi Mi Router 4A','Router económico con Wi-Fi AC1200',150000.00,14,'Nuevo','2025-09-02 23:36:33',9,10),(389,'Router Mercusys AC12G','Router económico con 4 puertos LAN',160000.00,12,'Nuevo','2025-09-02 23:36:33',14,10),(390,'Router Totolink A3002RU','Router de gama media',180000.00,11,'Reacondicionado','2025-09-02 23:36:33',18,10),(391,'Teclado Mecánico Gaming Pro','Teclado mecánico retroiluminado con switches azules.',180000.00,10,'Usado','2025-09-02 23:47:35',5,1),(392,'Mouse Gamer RGB','Mouse óptico con luces RGB personalizables.',90000.00,15,'Usado','2025-09-02 23:47:35',8,1),(393,'Monitor Curvo 27 Pulgadas','Pantalla curva de alta resolución.',750000.00,5,'Reacondicionado','2025-09-02 23:47:35',12,2),(394,'Laptop ASUS VivoBook','Portátil ligero ideal para estudiantes.',1800000.00,3,'Usado','2025-09-02 23:47:35',3,2),(395,'Disco Duro Externo 1TB','Almacenamiento portátil de alta capacidad.',250000.00,20,'Usado','2025-09-02 23:47:35',9,3),(396,'Memoria USB 64GB','Pendrive rápido y resistente.',45000.00,50,'Nuevo','2025-09-02 23:47:35',6,3),(397,'Smartphone Samsung Galaxy S21','Celular gama alta con cámara triple.',2200000.00,4,'Reacondicionado','2025-09-02 23:47:35',7,4),(398,'iPhone 12 128GB','Teléfono Apple en buen estado.',2800000.00,2,'Usado','2025-09-02 23:47:35',10,4),(399,'Tablet Lenovo Tab M10','Tableta Android de 10 pulgadas.',900000.00,6,'Usado','2025-09-02 23:47:35',11,4),(400,'Smartwatch Amazfit Bip U','Reloj inteligente con monitor de frecuencia.',320000.00,12,'Nuevo','2025-09-02 23:47:35',4,5),(401,'Cámara Canon EOS Rebel','Cámara réflex digital ideal para principiantes.',1600000.00,3,'Usado','2025-09-02 23:47:35',14,6),(402,'Parlante Bluetooth JBL','Altavoz portátil con sonido potente.',300000.00,10,'Nuevo','2025-09-02 23:47:35',15,7),(403,'Audífonos Sony WH-1000XM4','Audífonos con cancelación de ruido.',1200000.00,4,'Reacondicionado','2025-09-02 23:47:35',17,7),(404,'Proyector Epson HD','Proyector portátil de alta definición.',1100000.00,2,'Usado','2025-09-02 23:47:35',13,8),(405,'Router TP-Link Archer','Router WiFi de doble banda.',250000.00,8,'Nuevo','2025-09-02 23:47:35',16,9),(406,'Cargador Universal Laptop','Cargador compatible con múltiples marcas.',85000.00,20,'Nuevo','2025-09-02 23:47:35',18,9),(407,'Joystick PS5 DualSense','Control inalámbrico para PlayStation 5.',350000.00,6,'Nuevo','2025-09-02 23:47:35',20,10),(408,'Xbox Series X Usada','Consola en excelente estado.',2600000.00,1,'Usado','2025-09-02 23:47:35',2,10),(409,'Nintendo Switch Lite','Consola portátil en color azul.',1200000.00,3,'Reacondicionado','2025-09-02 23:47:35',19,10),(410,'PlayStation 4 Slim 1TB','Consola de videojuegos con un control.',1500000.00,2,'Usado','2025-09-02 23:47:35',1,10),(411,'Disco SSD 512GB Kingston','Unidad de estado sólido rápida y confiable.',400000.00,7,'Nuevo','2025-09-02 23:47:35',6,3),(412,'Memoria RAM 8GB DDR4','Módulo de memoria compatible con laptops.',200000.00,15,'Nuevo','2025-09-02 23:47:35',12,3),(413,'Mouse Logitech MX Master 3','Mouse inalámbrico ergonómico.',350000.00,6,'Usado','2025-09-02 23:47:35',7,1),(414,'Teclado Redragon K552','Teclado mecánico retroiluminado.',150000.00,9,'Usado','2025-09-02 23:47:35',5,1),(415,'Monitor LG 24 Pulgadas','Pantalla LED Full HD.',600000.00,5,'Usado','2025-09-02 23:47:35',8,2),(416,'Laptop Dell Inspiron 14','Portátil confiable para oficina.',2000000.00,3,'Reacondicionado','2025-09-02 23:47:35',11,2),(417,'Smartphone Motorola G100','Teléfono Android gama media-alta.',1200000.00,5,'Usado','2025-09-02 23:47:35',4,4),(418,'iPhone SE 2020','Teléfono compacto de Apple.',1500000.00,2,'Usado','2025-09-02 23:47:35',9,4),(419,'Tablet Samsung Galaxy Tab A7','Tableta Android económica.',850000.00,6,'Usado','2025-09-02 23:47:35',16,4),(420,'Smartwatch Huawei GT2','Reloj deportivo con GPS integrado.',500000.00,7,'Reacondicionado','2025-09-02 23:47:35',3,5),(421,'Cámara GoPro Hero 9','Cámara de acción resistente al agua.',1200000.00,3,'Usado','2025-09-02 23:47:35',10,6),(422,'Audífonos Apple AirPods Pro','Auriculares con cancelación activa.',950000.00,4,'Nuevo','2025-09-02 23:47:35',18,7),(423,'Bocina portátil Sony','Altavoz con batería de larga duración.',270000.00,6,'Usado','2025-09-02 23:47:35',20,7),(424,'Proyector BenQ Full HD','Proyector para cine en casa.',1500000.00,2,'Usado','2025-09-02 23:47:35',13,8),(425,'Router Asus RT-AC66U','Router WiFi de alto rendimiento.',380000.00,4,'Nuevo','2025-09-02 23:47:35',19,9),(426,'Cargador inalámbrico Samsung','Cargador Qi para celulares.',120000.00,10,'Nuevo','2025-09-02 23:47:35',15,9),(427,'Control Xbox Elite Series 2','Mando inalámbrico de alto rendimiento.',600000.00,5,'Nuevo','2025-09-02 23:47:35',17,10),(428,'Nintendo Switch OLED','Consola híbrida con pantalla mejorada.',1800000.00,2,'Nuevo','2025-09-02 23:47:35',14,10),(429,'PlayStation 5 Digital Edition','Consola de última generación.',2800000.00,1,'Nuevo','2025-09-02 23:47:35',2,10),(430,'PlayStation 3 Slim','Consola usada con disco de 320GB.',750000.00,2,'Usado','2025-09-02 23:47:35',1,10),(431,'Disco Duro 2TB Seagate','Almacenamiento masivo para PC de escritorio.',320000.00,6,'Usado','2025-09-02 23:49:38',12,3),(432,'Memoria RAM 16GB DDR4','Módulo de memoria para equipos de alto rendimiento.',450000.00,5,'Nuevo','2025-09-02 23:49:38',8,3),(433,'Mouse Razer DeathAdder','Mouse gamer ergonómico.',220000.00,8,'Usado','2025-09-02 23:49:38',15,1),(434,'Teclado Logitech K380','Teclado compacto inalámbrico.',140000.00,12,'Nuevo','2025-09-02 23:49:38',20,1),(435,'Monitor HP 22 Pulgadas','Pantalla LED Full HD.',580000.00,4,'Usado','2025-09-02 23:49:38',3,2),(436,'Laptop HP Pavilion 15','Portátil con procesador i5.',2100000.00,2,'Reacondicionado','2025-09-02 23:49:38',6,2),(437,'Celular Xiaomi Redmi Note 10','Teléfono gama media con buena batería.',950000.00,10,'Usado','2025-09-02 23:49:38',13,4),(438,'iPhone 11 Pro','Teléfono Apple con triple cámara.',2500000.00,3,'Usado','2025-09-02 23:49:38',19,4),(439,'Tablet Amazon Fire HD 8','Tableta económica para entretenimiento.',500000.00,6,'Nuevo','2025-09-02 23:49:38',14,4),(440,'Reloj Samsung Galaxy Watch 4','Reloj inteligente con monitoreo de salud.',850000.00,7,'Nuevo','2025-09-02 23:49:38',18,5),(441,'Cámara Nikon D3500','Cámara réflex de entrada.',1600000.00,2,'Usado','2025-09-02 23:49:38',10,6),(442,'Altavoz Bose SoundLink','Parlante portátil de alta calidad.',600000.00,5,'Nuevo','2025-09-02 23:49:38',7,7),(443,'Audífonos Beats Solo3','Audífonos inalámbricos con batería de 40 horas.',700000.00,6,'Usado','2025-09-02 23:49:38',2,7),(444,'Proyector LG CineBeam','Proyector portátil con WiFi.',1400000.00,2,'Reacondicionado','2025-09-02 23:49:38',5,8),(445,'Router Netgear Nighthawk','Router de alto rendimiento para gamers.',600000.00,3,'Nuevo','2025-09-02 23:49:38',11,9),(446,'Cargador Anker PowerPort','Cargador rápido con múltiples puertos USB.',120000.00,15,'Nuevo','2025-09-02 23:49:38',4,9),(447,'Mando PS4 DualShock','Control inalámbrico original.',180000.00,8,'Usado','2025-09-02 23:49:38',9,10),(448,'Nintendo Wii Usada','Consola clásica con juegos incluidos.',700000.00,2,'Usado','2025-09-02 23:49:38',1,10),(449,'Xbox One S 1TB','Consola blanca en buen estado.',1200000.00,3,'Reacondicionado','2025-09-02 23:49:38',16,10),(450,'PS Vita Slim','Consola portátil de Sony.',850000.00,2,'Usado','2025-09-02 23:49:38',17,10),(451,'SSD 1TB Samsung EVO','Unidad de estado sólido muy rápida.',650000.00,5,'Nuevo','2025-09-02 23:49:38',12,3),(452,'RAM Corsair 32GB DDR4','Módulo para PCs gamer.',800000.00,2,'Nuevo','2025-09-02 23:49:38',6,3),(453,'Mouse Microsoft Wireless','Mouse inalámbrico básico.',75000.00,20,'Nuevo','2025-09-02 23:49:38',8,1),(454,'Teclado Apple Magic Keyboard','Teclado inalámbrico compacto.',350000.00,6,'Usado','2025-09-02 23:49:38',13,1),(455,'Monitor Samsung 32 Pulgadas','Pantalla 4K UHD.',1200000.00,3,'Reacondicionado','2025-09-02 23:49:38',15,2),(456,'Laptop Lenovo ThinkPad X1','Portátil ultraligero para negocios.',3500000.00,2,'Usado','2025-09-02 23:49:38',19,2),(457,'Celular Google Pixel 5','Smartphone Android con cámara avanzada.',1800000.00,4,'Usado','2025-09-02 23:49:38',3,4),(458,'iPhone XR','Teléfono Apple de 64GB.',1900000.00,3,'Reacondicionado','2025-09-02 23:49:38',7,4),(459,'Tablet Huawei MediaPad T5','Tableta Android de 10 pulgadas.',700000.00,5,'Nuevo','2025-09-02 23:49:38',14,4),(460,'Smartwatch Fitbit Versa 3','Reloj con GPS y Alexa integrada.',650000.00,6,'Nuevo','2025-09-02 23:49:38',10,5),(461,'Cámara Sony Alpha A6000','Cámara sin espejo de 24MP.',1800000.00,2,'Usado','2025-09-02 23:49:38',5,6),(462,'Audífonos Samsung Galaxy Buds+','Auriculares inalámbricos compactos.',450000.00,10,'Nuevo','2025-09-02 23:49:38',2,7),(463,'Bocina Marshall Emberton','Altavoz premium portátil.',800000.00,3,'Reacondicionado','2025-09-02 23:49:38',17,7),(464,'Proyector ViewSonic 4K','Proyector de alta resolución.',2200000.00,1,'Nuevo','2025-09-02 23:49:38',20,8),(465,'Router D-Link AC1200','Router económico de doble banda.',200000.00,8,'Nuevo','2025-09-02 23:49:38',18,9),(466,'Cargador para iPhone','Cargador rápido certificado.',90000.00,20,'Nuevo','2025-09-02 23:49:38',11,9),(467,'Control Nintendo Switch Pro','Mando inalámbrico original.',300000.00,5,'Nuevo','2025-09-02 23:49:38',6,10),(468,'Xbox 360 Usada','Consola clásica con dos mandos.',500000.00,2,'Usado','2025-09-02 23:49:38',9,10),(469,'PSP 3000','Consola portátil de Sony.',600000.00,2,'Usado','2025-09-02 23:49:38',1,10),(470,'HDD Externo 500GB Toshiba','Disco portátil con carcasa resistente.',180000.00,8,'Usado','2025-09-02 23:49:38',16,3),(471,'Memoria RAM 4GB DDR3','Módulo de memoria para laptops antiguas.',100000.00,12,'Usado','2025-09-02 23:49:38',12,3),(472,'Mouse HP USB','Mouse óptico básico con cable.',30000.00,25,'Nuevo','2025-09-02 23:49:38',19,1),(473,'Teclado Genius KB-110','Teclado básico con cable USB.',40000.00,18,'Nuevo','2025-09-02 23:49:38',4,1),(474,'Monitor AOC 19 Pulgadas','Pantalla LED económica.',450000.00,5,'Usado','2025-09-02 23:49:38',7,2),(475,'Laptop Acer Aspire 5','Portátil con procesador Ryzen 5.',2200000.00,3,'Nuevo','2025-09-02 23:49:38',15,2),(476,'Celular OnePlus 8','Teléfono de gama alta.',2000000.00,2,'Usado','2025-09-02 23:49:38',20,4),(477,'iPhone 13 Mini','Teléfono compacto de Apple.',2700000.00,2,'Nuevo','2025-09-02 23:49:38',5,4),(478,'Tablet iPad Air 4','Tableta con chip A14 Bionic.',2500000.00,3,'Nuevo','2025-09-02 23:49:38',13,4),(479,'Smartwatch Garmin Forerunner','Reloj deportivo con GPS avanzado.',1200000.00,2,'Usado','2025-09-02 23:49:38',18,5),(480,'Cámara Panasonic Lumix','Cámara compacta de alta calidad.',900000.00,3,'Reacondicionado','2025-09-02 23:49:38',10,6),(481,'Audífonos JBL Tune 500BT','Auriculares inalámbricos ligeros.',180000.00,12,'Nuevo','2025-09-02 23:49:38',6,7),(482,'Bocina Xiaomi Mi Speaker','Altavoz portátil económico.',120000.00,15,'Nuevo','2025-09-02 23:49:38',14,7),(483,'Proyector Philips NeoPix','Proyector compacto para oficina.',700000.00,2,'Usado','2025-09-02 23:49:38',2,8),(484,'Router Huawei WiFi AX3','Router con WiFi 6.',400000.00,4,'Nuevo','2025-09-02 23:49:38',19,9),(485,'Cargador Baseus Quick Charge','Cargador rápido con dos puertos.',80000.00,12,'Nuevo','2025-09-02 23:49:38',17,9),(486,'Control Sega Genesis Mini','Mando réplica para consola retro.',100000.00,5,'Nuevo','2025-09-02 23:49:38',11,10),(487,'Super Nintendo Classic Mini','Consola retro con juegos precargados.',550000.00,2,'Nuevo','2025-09-02 23:49:38',8,10),(488,'Game Boy Advance SP','Consola portátil retro.',700000.00,1,'Usado','2025-09-02 23:49:38',3,10),(489,'Laptop HP ProBook 450','Portátil empresarial i5, 8GB RAM, 256GB SSD, buen estado',2300000.00,6,'Usado','2025-09-02 23:51:56',2,2),(490,'Smartphone Redmi Note 11 Pro','Smartphone 108MP, 6GB RAM, 128GB almacenamiento',1100000.00,10,'Nuevo','2025-09-02 23:51:56',3,1),(491,'SSD NVMe Samsung 970 1TB','SSD NVMe de alto rendimiento para PC',550000.00,8,'Nuevo','2025-09-02 23:51:56',4,6),(492,'Monitor LG UltraWide 29\"','Monitor ultrapanorámico 29\" 2560x1080',1600000.00,5,'Reacondicionado','2025-09-02 23:51:56',5,8),(493,'Auriculares Sennheiser HD 599','Auriculares sobremesa de referencia, abiertos',650000.00,7,'Usado','2025-09-02 23:51:56',6,7),(494,'Cámara Canon EOS 4000D','Cámara réflex 18MP con lente 18-55mm',950000.00,4,'Usado','2025-09-02 23:51:56',7,9),(495,'Power Bank Xiaomi 20000mAh','Batería externa alta capacidad con 2 salidas USB',120000.00,20,'Nuevo','2025-09-02 23:51:56',8,4),(496,'Teclado Mecánico Keychron K2','Teclado mecánico inalámbrico compacto, switches Gateron',380000.00,9,'Nuevo','2025-09-02 23:51:56',9,4),(497,'Parlante JBL Charge 5','Parlante Bluetooth portátil con gran batería',750000.00,6,'Nuevo','2025-09-02 23:51:56',10,7),(498,'Router Xiaomi Mi AX3000','Router Wi-Fi 6 de doble banda, MU-MIMO',320000.00,10,'Nuevo','2025-09-02 23:51:56',11,4),(499,'MicroSD SanDisk 128GB','Tarjeta microSD UHS-I para móviles y cámaras',95000.00,30,'Nuevo','2025-09-02 23:51:56',12,4),(500,'Cámara Instantánea Polaroid OneStep','Cámara instantánea clásica, película incluida',450000.00,3,'Usado','2025-09-02 23:51:56',13,9);
/*!40000 ALTER TABLE `producto` ENABLE KEYS */;
UNLOCK TABLES;

--
-- Table structure for table `vendedor`
--

DROP TABLE IF EXISTS `vendedor`;
/*!40101 SET @saved_cs_client     = @@character_set_client */;
/*!50503 SET character_set_client = utf8mb4 */;
CREATE TABLE `vendedor` (
  `idVendedor` int NOT NULL AUTO_INCREMENT,
  `nombre` varchar(50) NOT NULL,
  `apellido` varchar(50) NOT NULL,
  `email` varchar(100) NOT NULL,
  `telefono` varchar(15) DEFAULT NULL,
  `reputacion` decimal(3,2) DEFAULT '0.00',
  `fechaRegistro` datetime DEFAULT CURRENT_TIMESTAMP,
  PRIMARY KEY (`idVendedor`),
  UNIQUE KEY `email` (`email`)
) ENGINE=InnoDB AUTO_INCREMENT=21 DEFAULT CHARSET=utf8mb4 COLLATE=utf8mb4_0900_ai_ci;
/*!40101 SET character_set_client = @saved_cs_client */;

--
-- Dumping data for table `vendedor`
--

LOCK TABLES `vendedor` WRITE;
/*!40000 ALTER TABLE `vendedor` DISABLE KEYS */;
INSERT INTO `vendedor` VALUES (1,'Carlos','Ramírez','carlos.ramirez@correo.com','3001112233',4.50,'2025-08-28 21:24:42'),(2,'María','López','maria.lopez@correo.com','3012223344',4.20,'2025-08-28 21:24:42'),(3,'Andrés','García','andres.garcia@correo.com','3023334455',3.80,'2025-08-28 21:24:42'),(4,'Laura','Martínez','laura.martinez@correo.com','3034445566',4.90,'2025-08-28 21:24:42'),(5,'Felipe','Torres','felipe.torres@correo.com','3045556677',4.10,'2025-08-28 21:24:42'),(6,'Diana','Morales','diana.morales@correo.com','3056667788',4.70,'2025-08-28 21:24:42'),(7,'Julián','Pérez','julian.perez@correo.com','3067778899',3.90,'2025-08-28 21:24:42'),(8,'Carolina','Hernández','carolina.hernandez@correo.com','3078889900',4.30,'2025-08-28 21:24:42'),(9,'Sebastián','Rojas','sebastian.rojas@correo.com','3089990011',4.80,'2025-08-28 21:24:42'),(10,'Natalia','Jiménez','natalia.jimenez@correo.com','3091112233',3.70,'2025-08-28 21:24:42'),(11,'Oscar','Castaño','oscar.castano@correo.com','3102223344',4.00,'2025-08-28 21:24:42'),(12,'Paola','Suárez','paola.suarez@correo.com','3113334455',4.60,'2025-08-28 21:24:42'),(13,'Ricardo','Mendoza','ricardo.mendoza@correo.com','3124445566',3.50,'2025-08-28 21:24:42'),(14,'Angela','Cortés','angela.cortes@correo.com','3135556677',4.40,'2025-08-28 21:24:42'),(15,'Fernando','Vargas','fernando.vargas@correo.com','3146667788',4.10,'2025-08-28 21:24:42'),(16,'Tatiana','Beltrán','tatiana.beltran@correo.com','3157778899',4.90,'2025-08-28 21:24:42'),(17,'Daniel','Patiño','daniel.patino@correo.com','3168889900',3.60,'2025-08-28 21:24:42'),(18,'Camila','Serrano','camila.serrano@correo.com','3179990011',4.20,'2025-08-28 21:24:42'),(19,'Jorge','Mejía','jorge.mejia@correo.com','3181112233',4.70,'2025-08-28 21:24:42'),(20,'Liliana','Cruz','liliana.cruz@correo.com','3192223344',4.50,'2025-08-28 21:24:42');
/*!40000 ALTER TABLE `vendedor` ENABLE KEYS */;
UNLOCK TABLES;
/*!40103 SET TIME_ZONE=@OLD_TIME_ZONE */;

/*!40101 SET SQL_MODE=@OLD_SQL_MODE */;
/*!40014 SET FOREIGN_KEY_CHECKS=@OLD_FOREIGN_KEY_CHECKS */;
/*!40014 SET UNIQUE_CHECKS=@OLD_UNIQUE_CHECKS */;
/*!40101 SET CHARACTER_SET_CLIENT=@OLD_CHARACTER_SET_CLIENT */;
/*!40101 SET CHARACTER_SET_RESULTS=@OLD_CHARACTER_SET_RESULTS */;
/*!40101 SET COLLATION_CONNECTION=@OLD_COLLATION_CONNECTION */;
/*!40111 SET SQL_NOTES=@OLD_SQL_NOTES */;

-- Dump completed on 2025-09-03  1:27:08
